MFName,time,obscfs,obsname
NapaR_Napa,10/31/1959,0.71,NapaR_Napa 195910
NapaR_Napa,11/30/1959,1.38,NapaR_Napa 195911
NapaR_Napa,12/31/1959,3.12,NapaR_Napa 195912
NapaR_Napa,1/31/1960,37.5,NapaR_Napa 196001
NapaR_Napa,2/29/1960,740.9,NapaR_Napa 196002
NapaR_Napa,3/31/1960,323.8,NapaR_Napa 196003
NapaR_Napa,4/30/1960,70.8,NapaR_Napa 196004
NapaR_Napa,5/31/1960,27.8,NapaR_Napa 196005
NapaR_Napa,6/30/1960,5.18,NapaR_Napa 196006
NapaR_Napa,7/31/1960,0.197,NapaR_Napa 196007
NapaR_Napa,8/31/1960,0,NapaR_Napa 196008
NapaR_Napa,9/30/1960,0,NapaR_Napa 196009
NapaR_Napa,10/31/1960,0,NapaR_Napa 196010
NapaR_Napa,11/30/1960,4.38,NapaR_Napa 196011
NapaR_Napa,12/31/1960,49.9,NapaR_Napa 196012
NapaR_Napa,1/31/1961,112.8,NapaR_Napa 196101
NapaR_Napa,2/28/1961,260.8,NapaR_Napa 196102
NapaR_Napa,3/31/1961,159.8,NapaR_Napa 196103
NapaR_Napa,4/30/1961,61.6,NapaR_Napa 196104
NapaR_Napa,5/31/1961,23.5,NapaR_Napa 196105
NapaR_Napa,6/30/1961,3.38,NapaR_Napa 196106
NapaR_Napa,7/31/1961,0,NapaR_Napa 196107
NapaR_Napa,8/31/1961,0,NapaR_Napa 196108
NapaR_Napa,9/30/1961,0,NapaR_Napa 196109
NapaR_Napa,10/31/1961,0,NapaR_Napa 196110
NapaR_Napa,11/30/1961,3.52,NapaR_Napa 196111
NapaR_Napa,12/31/1961,76.7,NapaR_Napa 196112
NapaR_Napa,1/31/1962,63.7,NapaR_Napa 196201
NapaR_Napa,2/28/1962,1024,NapaR_Napa 196202
NapaR_Napa,3/31/1962,554.3,NapaR_Napa 196203
NapaR_Napa,4/30/1962,70.4,NapaR_Napa 196204
NapaR_Napa,5/31/1962,22.4,NapaR_Napa 196205
NapaR_Napa,6/30/1962,3.5,NapaR_Napa 196206
NapaR_Napa,7/31/1962,0.039,NapaR_Napa 196207
NapaR_Napa,8/31/1962,0,NapaR_Napa 196208
NapaR_Napa,9/30/1962,0,NapaR_Napa 196209
NapaR_Napa,10/31/1962,337.7,NapaR_Napa 196210
NapaR_Napa,11/30/1962,28.2,NapaR_Napa 196211
NapaR_Napa,12/31/1962,227.9,NapaR_Napa 196212
NapaR_Napa,1/31/1963,509.9,NapaR_Napa 196301
NapaR_Napa,2/28/1963,1077,NapaR_Napa 196302
NapaR_Napa,3/31/1963,371.4,NapaR_Napa 196303
NapaR_Napa,4/30/1963,867.6,NapaR_Napa 196304
NapaR_Napa,5/31/1963,112.1,NapaR_Napa 196305
NapaR_Napa,6/30/1963,28.5,NapaR_Napa 196306
NapaR_Napa,7/31/1963,5.2,NapaR_Napa 196307
NapaR_Napa,8/31/1963,1.71,NapaR_Napa 196308
NapaR_Napa,9/30/1963,1.61,NapaR_Napa 196309
NapaR_Napa,10/31/1963,7.31,NapaR_Napa 196310
NapaR_Napa,11/30/1963,103,NapaR_Napa 196311
NapaR_Napa,12/31/1963,34.4,NapaR_Napa 196312
NapaR_Napa,1/31/1964,262.9,NapaR_Napa 196401
NapaR_Napa,2/29/1964,61.7,NapaR_Napa 196402
NapaR_Napa,3/31/1964,34,NapaR_Napa 196403
NapaR_Napa,4/30/1964,18.5,NapaR_Napa 196404
NapaR_Napa,5/31/1964,5.2,NapaR_Napa 196405
NapaR_Napa,6/30/1964,2.5,NapaR_Napa 196406
NapaR_Napa,7/31/1964,0.381,NapaR_Napa 196407
NapaR_Napa,8/31/1964,0,NapaR_Napa 196408
NapaR_Napa,9/30/1964,0.06,NapaR_Napa 196409
NapaR_Napa,10/31/1964,0.648,NapaR_Napa 196410
NapaR_Napa,11/30/1964,59.3,NapaR_Napa 196411
NapaR_Napa,12/31/1964,979.9,NapaR_Napa 196412
NapaR_Napa,1/31/1965,1267,NapaR_Napa 196501
NapaR_Napa,2/28/1965,164,NapaR_Napa 196502
NapaR_Napa,3/31/1965,62.7,NapaR_Napa 196503
NapaR_Napa,4/30/1965,273.7,NapaR_Napa 196504
NapaR_Napa,5/31/1965,52.2,NapaR_Napa 196505
NapaR_Napa,6/30/1965,12.4,NapaR_Napa 196506
NapaR_Napa,7/31/1965,3.1,NapaR_Napa 196507
NapaR_Napa,8/31/1965,3.54,NapaR_Napa 196508
NapaR_Napa,9/30/1965,1.99,NapaR_Napa 196509
NapaR_Napa,10/31/1965,2.37,NapaR_Napa 196510
NapaR_Napa,11/30/1965,56.5,NapaR_Napa 196511
NapaR_Napa,12/31/1965,131.2,NapaR_Napa 196512
NapaR_Napa,1/31/1966,870.1,NapaR_Napa 196601
NapaR_Napa,2/28/1966,465.7,NapaR_Napa 196602
NapaR_Napa,3/31/1966,129.7,NapaR_Napa 196603
NapaR_Napa,4/30/1966,46.8,NapaR_Napa 196604
NapaR_Napa,5/31/1966,17.2,NapaR_Napa 196605
NapaR_Napa,6/30/1966,3.47,NapaR_Napa 196606
NapaR_Napa,7/31/1966,0.39,NapaR_Napa 196607
NapaR_Napa,8/31/1966,0.59,NapaR_Napa 196608
NapaR_Napa,9/30/1966,0.193,NapaR_Napa 196609
NapaR_Napa,10/31/1966,0.416,NapaR_Napa 196610
NapaR_Napa,11/30/1966,130,NapaR_Napa 196611
NapaR_Napa,12/31/1966,602.3,NapaR_Napa 196612
NapaR_Napa,1/31/1967,1643,NapaR_Napa 196701
NapaR_Napa,2/28/1967,417.5,NapaR_Napa 196702
NapaR_Napa,3/31/1967,532.2,NapaR_Napa 196703
NapaR_Napa,4/30/1967,709.9,NapaR_Napa 196704
NapaR_Napa,5/31/1967,120,NapaR_Napa 196705
NapaR_Napa,6/30/1967,55.6,NapaR_Napa 196706
NapaR_Napa,7/31/1967,18.2,NapaR_Napa 196707
NapaR_Napa,8/31/1967,4.45,NapaR_Napa 196708
NapaR_Napa,9/30/1967,3.14,NapaR_Napa 196709
NapaR_Napa,10/31/1967,4.85,NapaR_Napa 196710
NapaR_Napa,11/30/1967,7.44,NapaR_Napa 196711
NapaR_Napa,12/31/1967,53.3,NapaR_Napa 196712
NapaR_Napa,1/31/1968,425.3,NapaR_Napa 196801
NapaR_Napa,2/29/1968,618.1,NapaR_Napa 196802
NapaR_Napa,3/31/1968,444.4,NapaR_Napa 196803
NapaR_Napa,4/30/1968,97.3,NapaR_Napa 196804
NapaR_Napa,5/31/1968,27.1,NapaR_Napa 196805
NapaR_Napa,6/30/1968,6.26,NapaR_Napa 196806
NapaR_Napa,7/31/1968,2.53,NapaR_Napa 196807
NapaR_Napa,8/31/1968,2.68,NapaR_Napa 196808
NapaR_Napa,9/30/1968,1.06,NapaR_Napa 196809
NapaR_Napa,10/31/1968,3.65,NapaR_Napa 196810
NapaR_Napa,11/30/1968,9.94,NapaR_Napa 196811
NapaR_Napa,12/31/1968,320.1,NapaR_Napa 196812
NapaR_Napa,1/31/1969,1860,NapaR_Napa 196901
NapaR_Napa,2/28/1969,1637,NapaR_Napa 196902
NapaR_Napa,3/31/1969,525.4,NapaR_Napa 196903
NapaR_Napa,4/30/1969,121.6,NapaR_Napa 196904
NapaR_Napa,5/31/1969,42.2,NapaR_Napa 196905
NapaR_Napa,6/30/1969,16.6,NapaR_Napa 196906
NapaR_Napa,7/31/1969,6.44,NapaR_Napa 196907
NapaR_Napa,8/31/1969,3.55,NapaR_Napa 196908
NapaR_Napa,9/30/1969,0.697,NapaR_Napa 196909
NapaR_Napa,10/31/1969,5.6,NapaR_Napa 196910
NapaR_Napa,11/30/1969,8.19,NapaR_Napa 196911
NapaR_Napa,12/31/1969,509.3,NapaR_Napa 196912
NapaR_Napa,1/31/1970,2672,NapaR_Napa 197001
NapaR_Napa,2/28/1970,513.1,NapaR_Napa 197002
NapaR_Napa,3/31/1970,365.9,NapaR_Napa 197003
NapaR_Napa,4/30/1970,68.4,NapaR_Napa 197004
NapaR_Napa,5/31/1970,24.8,NapaR_Napa 197005
NapaR_Napa,6/30/1970,5.8,NapaR_Napa 197006
NapaR_Napa,7/31/1970,1.8,NapaR_Napa 197007
NapaR_Napa,8/31/1970,1.04,NapaR_Napa 197008
NapaR_Napa,9/30/1970,1.11,NapaR_Napa 197009
NapaR_Napa,10/31/1970,1.92,NapaR_Napa 197010
NapaR_Napa,11/30/1970,215.8,NapaR_Napa 197011
NapaR_Napa,12/31/1970,1218,NapaR_Napa 197012
NapaR_Napa,1/31/1971,457.1,NapaR_Napa 197101
NapaR_Napa,2/28/1971,121.7,NapaR_Napa 197102
NapaR_Napa,3/31/1971,233.7,NapaR_Napa 197103
NapaR_Napa,4/30/1971,106.1,NapaR_Napa 197104
NapaR_Napa,5/31/1971,37.5,NapaR_Napa 197105
NapaR_Napa,6/30/1971,13.6,NapaR_Napa 197106
NapaR_Napa,7/31/1971,4.49,NapaR_Napa 197107
NapaR_Napa,8/31/1971,2.21,NapaR_Napa 197108
NapaR_Napa,9/30/1971,2.97,NapaR_Napa 197109
NapaR_Napa,10/31/1971,3.08,NapaR_Napa 197110
NapaR_Napa,11/30/1971,8.08,NapaR_Napa 197111
NapaR_Napa,12/31/1971,87.5,NapaR_Napa 197112
NapaR_Napa,1/31/1972,83.7,NapaR_Napa 197201
NapaR_Napa,2/29/1972,152.9,NapaR_Napa 197202
NapaR_Napa,3/31/1972,56.3,NapaR_Napa 197203
NapaR_Napa,4/30/1972,35.5,NapaR_Napa 197204
NapaR_Napa,5/31/1972,13.5,NapaR_Napa 197205
NapaR_Napa,6/30/1972,2.45,NapaR_Napa 197206
NapaR_Napa,7/31/1972,0.191,NapaR_Napa 197207
NapaR_Napa,8/31/1972,0,NapaR_Napa 197208
NapaR_Napa,9/30/1972,0.569,NapaR_Napa 197209
NapaR_Napa,10/31/1972,7.1,NapaR_Napa 197210
NapaR_Napa,11/30/1972,131.3,NapaR_Napa 197211
NapaR_Napa,12/31/1972,156,NapaR_Napa 197212
NapaR_Napa,1/31/1973,1626,NapaR_Napa 197301
NapaR_Napa,2/28/1973,1247,NapaR_Napa 197302
NapaR_Napa,3/31/1973,577.7,NapaR_Napa 197303
NapaR_Napa,4/30/1973,111.9,NapaR_Napa 197304
NapaR_Napa,5/31/1973,39.2,NapaR_Napa 197305
NapaR_Napa,6/30/1973,9.56,NapaR_Napa 197306
NapaR_Napa,7/31/1973,2.22,NapaR_Napa 197307
NapaR_Napa,8/31/1973,1.58,NapaR_Napa 197308
NapaR_Napa,9/30/1973,2.63,NapaR_Napa 197309
NapaR_Napa,10/31/1973,3.79,NapaR_Napa 197310
NapaR_Napa,11/30/1973,615.5,NapaR_Napa 197311
NapaR_Napa,12/31/1973,520.2,NapaR_Napa 197312
NapaR_Napa,1/31/1974,983.4,NapaR_Napa 197401
NapaR_Napa,2/28/1974,301.2,NapaR_Napa 197402
NapaR_Napa,3/31/1974,1124,NapaR_Napa 197403
NapaR_Napa,4/30/1974,516.1,NapaR_Napa 197404
NapaR_Napa,5/31/1974,65.1,NapaR_Napa 197405
NapaR_Napa,6/30/1974,23.5,NapaR_Napa 197406
NapaR_Napa,7/31/1974,13.6,NapaR_Napa 197407
NapaR_Napa,8/31/1974,7.71,NapaR_Napa 197408
NapaR_Napa,9/30/1974,8.34,NapaR_Napa 197409
NapaR_Napa,10/31/1974,6.75,NapaR_Napa 197410
NapaR_Napa,11/30/1974,7.46,NapaR_Napa 197411
NapaR_Napa,12/31/1974,32.2,NapaR_Napa 197412
NapaR_Napa,1/31/1975,46.3,NapaR_Napa 197501
NapaR_Napa,2/28/1975,1024,NapaR_Napa 197502
NapaR_Napa,3/31/1975,987.8,NapaR_Napa 197503
NapaR_Napa,4/30/1975,208.5,NapaR_Napa 197504
NapaR_Napa,5/31/1975,58.1,NapaR_Napa 197505
NapaR_Napa,6/30/1975,19.9,NapaR_Napa 197506
NapaR_Napa,7/31/1975,9.13,NapaR_Napa 197507
NapaR_Napa,8/31/1975,4.98,NapaR_Napa 197508
NapaR_Napa,9/30/1975,6.67,NapaR_Napa 197509
NapaR_Napa,10/31/1975,10.3,NapaR_Napa 197510
NapaR_Napa,11/30/1975,13.7,NapaR_Napa 197511
NapaR_Napa,12/31/1975,11.1,NapaR_Napa 197512
NapaR_Napa,1/31/1976,10.6,NapaR_Napa 197601
NapaR_Napa,2/29/1976,6.5,NapaR_Napa 197602
NapaR_Napa,3/31/1976,20.2,NapaR_Napa 197603
NapaR_Napa,4/30/1976,14.9,NapaR_Napa 197604
NapaR_Napa,5/31/1976,2.45,NapaR_Napa 197605
NapaR_Napa,6/30/1976,0.106,NapaR_Napa 197606
NapaR_Napa,7/31/1976,0.003,NapaR_Napa 197607
NapaR_Napa,8/31/1976,0.048,NapaR_Napa 197608
NapaR_Napa,9/30/1976,0.174,NapaR_Napa 197609
NapaR_Napa,10/31/1976,0.565,NapaR_Napa 197610
NapaR_Napa,11/30/1976,1.19,NapaR_Napa 197611
NapaR_Napa,12/31/1976,0.73,NapaR_Napa 197612
NapaR_Napa,1/31/1977,2.91,NapaR_Napa 197701
NapaR_Napa,2/28/1977,0.425,NapaR_Napa 197702
NapaR_Napa,3/31/1977,2.6,NapaR_Napa 197703
NapaR_Napa,4/30/1977,0.198,NapaR_Napa 197704
NapaR_Napa,5/31/1977,0,NapaR_Napa 197705
NapaR_Napa,6/30/1977,0,NapaR_Napa 197706
NapaR_Napa,7/31/1977,0,NapaR_Napa 197707
NapaR_Napa,8/31/1977,0,NapaR_Napa 197708
NapaR_Napa,9/30/1977,0,NapaR_Napa 197709
NapaR_Napa,10/31/1977,0,NapaR_Napa 197710
NapaR_Napa,11/30/1977,75.2,NapaR_Napa 197711
NapaR_Napa,12/31/1977,233.7,NapaR_Napa 197712
NapaR_Napa,1/31/1978,1559,NapaR_Napa 197801
NapaR_Napa,2/28/1978,818.4,NapaR_Napa 197802
NapaR_Napa,3/31/1978,716.9,NapaR_Napa 197803
NapaR_Napa,4/30/1978,221.7,NapaR_Napa 197804
NapaR_Napa,5/31/1978,63.5,NapaR_Napa 197805
NapaR_Napa,6/30/1978,18.8,NapaR_Napa 197806
NapaR_Napa,7/31/1978,8.17,NapaR_Napa 197807
NapaR_Napa,8/31/1978,4.33,NapaR_Napa 197808
NapaR_Napa,9/30/1978,3.06,NapaR_Napa 197809
NapaR_Napa,10/31/1978,2.51,NapaR_Napa 197810
NapaR_Napa,11/30/1978,4.66,NapaR_Napa 197811
NapaR_Napa,12/31/1978,5.82,NapaR_Napa 197812
NapaR_Napa,1/31/1979,304,NapaR_Napa 197901
NapaR_Napa,2/28/1979,645.3,NapaR_Napa 197902
NapaR_Napa,3/31/1979,292.3,NapaR_Napa 197903
NapaR_Napa,4/30/1979,110.2,NapaR_Napa 197904
NapaR_Napa,5/31/1979,55.3,NapaR_Napa 197905
NapaR_Napa,6/30/1979,13.1,NapaR_Napa 197906
NapaR_Napa,7/31/1979,6.02,NapaR_Napa 197907
NapaR_Napa,8/31/1979,4.06,NapaR_Napa 197908
NapaR_Napa,9/30/1979,2.59,NapaR_Napa 197909
NapaR_Napa,10/31/1979,12.3,NapaR_Napa 197910
NapaR_Napa,11/30/1979,21.3,NapaR_Napa 197911
NapaR_Napa,12/31/1979,207.2,NapaR_Napa 197912
NapaR_Napa,1/31/1980,1175,NapaR_Napa 198001
NapaR_Napa,2/29/1980,1622,NapaR_Napa 198002
NapaR_Napa,3/31/1980,469.5,NapaR_Napa 198003
NapaR_Napa,4/30/1980,110,NapaR_Napa 198004
NapaR_Napa,5/31/1980,42.6,NapaR_Napa 198005
NapaR_Napa,6/30/1980,14.5,NapaR_Napa 198006
NapaR_Napa,7/31/1980,5.6,NapaR_Napa 198007
NapaR_Napa,8/31/1980,3.93,NapaR_Napa 198008
NapaR_Napa,9/30/1980,3.38,NapaR_Napa 198009
NapaR_Napa,10/31/1980,2.83,NapaR_Napa 198010
NapaR_Napa,11/30/1980,3.48,NapaR_Napa 198011
NapaR_Napa,12/31/1980,78.5,NapaR_Napa 198012
NapaR_Napa,1/31/1981,353.3,NapaR_Napa 198101
NapaR_Napa,2/28/1981,179.1,NapaR_Napa 198102
NapaR_Napa,3/31/1981,218.1,NapaR_Napa 198103
NapaR_Napa,4/30/1981,75.9,NapaR_Napa 198104
NapaR_Napa,5/31/1981,25.6,NapaR_Napa 198105
NapaR_Napa,6/30/1981,7.06,NapaR_Napa 198106
NapaR_Napa,7/31/1981,2.19,NapaR_Napa 198107
NapaR_Napa,8/31/1981,2.74,NapaR_Napa 198108
NapaR_Napa,9/30/1981,1.45,NapaR_Napa 198109
NapaR_Napa,10/31/1981,7.22,NapaR_Napa 198110
NapaR_Napa,11/30/1981,537.5,NapaR_Napa 198111
NapaR_Napa,12/31/1981,1318,NapaR_Napa 198112
NapaR_Napa,1/31/1982,1465,NapaR_Napa 198201
NapaR_Napa,2/28/1982,1020,NapaR_Napa 198202
NapaR_Napa,3/31/1982,808.4,NapaR_Napa 198203
NapaR_Napa,4/30/1982,1341,NapaR_Napa 198204
NapaR_Napa,5/31/1982,92.1,NapaR_Napa 198205
NapaR_Napa,6/30/1982,38.7,NapaR_Napa 198206
NapaR_Napa,7/31/1982,17.3,NapaR_Napa 198207
NapaR_Napa,8/31/1982,9.12,NapaR_Napa 198208
NapaR_Napa,9/30/1982,10.7,NapaR_Napa 198209
NapaR_Napa,10/31/1982,11.4,NapaR_Napa 198210
NapaR_Napa,11/30/1982,246.7,NapaR_Napa 198211
NapaR_Napa,12/31/1982,515.9,NapaR_Napa 198212
NapaR_Napa,1/31/1983,1204,NapaR_Napa 198301
NapaR_Napa,2/28/1983,1816,NapaR_Napa 198302
NapaR_Napa,3/31/1983,2598,NapaR_Napa 198303
NapaR_Napa,4/30/1983,383.6,NapaR_Napa 198304
NapaR_Napa,5/31/1983,226.4,NapaR_Napa 198305
NapaR_Napa,6/30/1983,52.1,NapaR_Napa 198306
NapaR_Napa,7/31/1983,19.4,NapaR_Napa 198307
NapaR_Napa,8/31/1983,9.43,NapaR_Napa 198308
NapaR_Napa,9/30/1983,7.55,NapaR_Napa 198309
NapaR_Napa,10/31/1983,11.7,NapaR_Napa 198310
NapaR_Napa,11/30/1983,507.4,NapaR_Napa 198311
NapaR_Napa,12/31/1983,1474,NapaR_Napa 198312
NapaR_Napa,1/31/1984,314.3,NapaR_Napa 198401
NapaR_Napa,2/29/1984,157.4,NapaR_Napa 198402
NapaR_Napa,3/31/1984,158.9,NapaR_Napa 198403
NapaR_Napa,4/30/1984,58.6,NapaR_Napa 198404
NapaR_Napa,5/31/1984,33.5,NapaR_Napa 198405
NapaR_Napa,6/30/1984,13.5,NapaR_Napa 198406
NapaR_Napa,7/31/1984,5.54,NapaR_Napa 198407
NapaR_Napa,8/31/1984,4.56,NapaR_Napa 198408
NapaR_Napa,9/30/1984,3.72,NapaR_Napa 198409
NapaR_Napa,10/31/1984,6.02,NapaR_Napa 198410
NapaR_Napa,11/30/1984,177.3,NapaR_Napa 198411
NapaR_Napa,12/31/1984,105,NapaR_Napa 198412
NapaR_Napa,1/31/1985,72,NapaR_Napa 198501
NapaR_Napa,2/28/1985,391,NapaR_Napa 198502
NapaR_Napa,3/31/1985,167.9,NapaR_Napa 198503
NapaR_Napa,4/30/1985,93.3,NapaR_Napa 198504
NapaR_Napa,5/31/1985,30.4,NapaR_Napa 198505
NapaR_Napa,6/30/1985,11.5,NapaR_Napa 198506
NapaR_Napa,7/31/1985,4.09,NapaR_Napa 198507
NapaR_Napa,8/31/1985,3.49,NapaR_Napa 198508
NapaR_Napa,9/30/1985,4.23,NapaR_Napa 198509
NapaR_Napa,10/31/1985,5.04,NapaR_Napa 198510
NapaR_Napa,11/30/1985,13.7,NapaR_Napa 198511
NapaR_Napa,12/31/1985,49,NapaR_Napa 198512
NapaR_Napa,1/31/1986,215.7,NapaR_Napa 198601
NapaR_Napa,2/28/1986,4089,NapaR_Napa 198602
NapaR_Napa,3/31/1986,1218,NapaR_Napa 198603
NapaR_Napa,4/30/1986,119,NapaR_Napa 198604
NapaR_Napa,5/31/1986,45.2,NapaR_Napa 198605
NapaR_Napa,6/30/1986,16.3,NapaR_Napa 198606
NapaR_Napa,7/31/1986,8.52,NapaR_Napa 198607
NapaR_Napa,8/31/1986,5.11,NapaR_Napa 198608
NapaR_Napa,9/30/1986,5.37,NapaR_Napa 198609
NapaR_Napa,10/31/1986,4.78,NapaR_Napa 198610
NapaR_Napa,11/30/1986,5.05,NapaR_Napa 198611
NapaR_Napa,12/31/1986,7.72,NapaR_Napa 198612
NapaR_Napa,1/31/1987,20.3,NapaR_Napa 198701
NapaR_Napa,2/28/1987,203.6,NapaR_Napa 198702
NapaR_Napa,3/31/1987,194.1,NapaR_Napa 198703
NapaR_Napa,4/30/1987,46,NapaR_Napa 198704
NapaR_Napa,5/31/1987,16.7,NapaR_Napa 198705
NapaR_Napa,6/30/1987,5.78,NapaR_Napa 198706
NapaR_Napa,7/31/1987,3.43,NapaR_Napa 198707
NapaR_Napa,8/31/1987,2.15,NapaR_Napa 198708
NapaR_Napa,9/30/1987,1.01,NapaR_Napa 198709
NapaR_Napa,10/31/1987,1.36,NapaR_Napa 198710
NapaR_Napa,11/30/1987,5.04,NapaR_Napa 198711
NapaR_Napa,12/31/1987,231.9,NapaR_Napa 198712
NapaR_Napa,1/31/1988,455.2,NapaR_Napa 198801
NapaR_Napa,2/29/1988,78.2,NapaR_Napa 198802
NapaR_Napa,3/31/1988,29.3,NapaR_Napa 198803
NapaR_Napa,4/30/1988,23.4,NapaR_Napa 198804
NapaR_Napa,5/31/1988,17.8,NapaR_Napa 198805
NapaR_Napa,6/30/1988,7.7,NapaR_Napa 198806
NapaR_Napa,7/31/1988,2.59,NapaR_Napa 198807
NapaR_Napa,8/31/1988,1.76,NapaR_Napa 198808
NapaR_Napa,9/30/1988,1.27,NapaR_Napa 198809
NapaR_Napa,10/31/1988,1.06,NapaR_Napa 198810
NapaR_Napa,11/30/1988,26.8,NapaR_Napa 198811
NapaR_Napa,12/31/1988,47.8,NapaR_Napa 198812
NapaR_Napa,1/31/1989,35.5,NapaR_Napa 198901
NapaR_Napa,2/28/1989,16.5,NapaR_Napa 198902
NapaR_Napa,3/31/1989,522.7,NapaR_Napa 198903
NapaR_Napa,4/30/1989,88.4,NapaR_Napa 198904
NapaR_Napa,5/31/1989,26.1,NapaR_Napa 198905
NapaR_Napa,6/30/1989,9.98,NapaR_Napa 198906
NapaR_Napa,7/31/1989,4.21,NapaR_Napa 198907
NapaR_Napa,8/31/1989,1.45,NapaR_Napa 198908
NapaR_Napa,9/30/1989,1.55,NapaR_Napa 198909
NapaR_Napa,10/31/1989,6.91,NapaR_Napa 198910
NapaR_Napa,11/30/1989,11.7,NapaR_Napa 198911
NapaR_Napa,12/31/1989,7.88,NapaR_Napa 198912
NapaR_Napa,1/31/1990,108.5,NapaR_Napa 199001
NapaR_Napa,2/28/1990,163.7,NapaR_Napa 199002
NapaR_Napa,3/31/1990,64.3,NapaR_Napa 199003
NapaR_Napa,4/30/1990,21,NapaR_Napa 199004
NapaR_Napa,5/31/1990,39.8,NapaR_Napa 199005
NapaR_Napa,6/30/1990,19.3,NapaR_Napa 199006
NapaR_Napa,7/31/1990,2.65,NapaR_Napa 199007
NapaR_Napa,8/31/1990,1.46,NapaR_Napa 199008
NapaR_Napa,9/30/1990,0.832,NapaR_Napa 199009
NapaR_Napa,10/31/1990,0.912,NapaR_Napa 199010
NapaR_Napa,11/30/1990,1.1,NapaR_Napa 199011
NapaR_Napa,12/31/1990,2.57,NapaR_Napa 199012
NapaR_Napa,1/31/1991,2.17,NapaR_Napa 199101
NapaR_Napa,2/28/1991,10.3,NapaR_Napa 199102
NapaR_Napa,3/31/1991,901.5,NapaR_Napa 199103
NapaR_Napa,4/30/1991,108.3,NapaR_Napa 199104
NapaR_Napa,5/31/1991,32,NapaR_Napa 199105
NapaR_Napa,6/30/1991,9.2,NapaR_Napa 199106
NapaR_Napa,7/31/1991,3.69,NapaR_Napa 199107
NapaR_Napa,8/31/1991,1.57,NapaR_Napa 199108
NapaR_Napa,9/30/1991,1.42,NapaR_Napa 199109
NapaR_Napa,10/31/1991,1.08,NapaR_Napa 199110
NapaR_Napa,11/30/1991,1.46,NapaR_Napa 199111
NapaR_Napa,12/31/1991,5.33,NapaR_Napa 199112
NapaR_Napa,1/31/1992,17.3,NapaR_Napa 199201
NapaR_Napa,2/29/1992,448.4,NapaR_Napa 199202
NapaR_Napa,3/31/1992,347.9,NapaR_Napa 199203
NapaR_Napa,4/30/1992,74.8,NapaR_Napa 199204
NapaR_Napa,5/31/1992,25.1,NapaR_Napa 199205
NapaR_Napa,6/30/1992,7.47,NapaR_Napa 199206
NapaR_Napa,7/31/1992,3.61,NapaR_Napa 199207
NapaR_Napa,8/31/1992,1.55,NapaR_Napa 199208
NapaR_Napa,9/30/1992,0.399,NapaR_Napa 199209
NapaR_Napa,10/31/1992,2.27,NapaR_Napa 199210
NapaR_Napa,11/30/1992,3.91,NapaR_Napa 199211
NapaR_Napa,12/31/1992,230.5,NapaR_Napa 199212
NapaR_Napa,1/31/1993,1711,NapaR_Napa 199301
NapaR_Napa,2/28/1993,1031,NapaR_Napa 199302
NapaR_Napa,3/31/1993,292.4,NapaR_Napa 199303
NapaR_Napa,4/30/1993,105,NapaR_Napa 199304
NapaR_Napa,5/31/1993,51.3,NapaR_Napa 199305
NapaR_Napa,6/30/1993,29.4,NapaR_Napa 199306
NapaR_Napa,7/31/1993,5.32,NapaR_Napa 199307
NapaR_Napa,8/31/1993,2.97,NapaR_Napa 199308
NapaR_Napa,9/30/1993,2.33,NapaR_Napa 199309
NapaR_Napa,10/31/1993,1.69,NapaR_Napa 199310
NapaR_Napa,11/30/1993,5.93,NapaR_Napa 199311
NapaR_Napa,12/31/1993,67.9,NapaR_Napa 199312
NapaR_Napa,1/31/1994,55.7,NapaR_Napa 199401
NapaR_Napa,2/28/1994,271.4,NapaR_Napa 199402
NapaR_Napa,3/31/1994,51.6,NapaR_Napa 199403
NapaR_Napa,4/30/1994,28.5,NapaR_Napa 199404
NapaR_Napa,5/31/1994,20.6,NapaR_Napa 199405
NapaR_Napa,6/30/1994,7.73,NapaR_Napa 199406
NapaR_Napa,7/31/1994,1.94,NapaR_Napa 199407
NapaR_Napa,8/31/1994,0.337,NapaR_Napa 199408
NapaR_Napa,9/30/1994,0.511,NapaR_Napa 199409
NapaR_Napa,10/31/1994,0.976,NapaR_Napa 199410
NapaR_Napa,11/30/1994,15.6,NapaR_Napa 199411
NapaR_Napa,12/31/1994,76,NapaR_Napa 199412
NapaR_Napa,1/31/1995,3083,NapaR_Napa 199501
NapaR_Napa,2/28/1995,347.9,NapaR_Napa 199502
NapaR_Napa,3/31/1995,2530,NapaR_Napa 199503
NapaR_Napa,4/30/1995,227.2,NapaR_Napa 199504
NapaR_Napa,5/31/1995,165.9,NapaR_Napa 199505
NapaR_Napa,6/30/1995,40.1,NapaR_Napa 199506
NapaR_Napa,7/31/1995,13.5,NapaR_Napa 199507
NapaR_Napa,8/31/1995,2.84,NapaR_Napa 199508
NapaR_Napa,9/30/1995,2.05,NapaR_Napa 199509
NapaR_Napa,10/31/1995,1.92,NapaR_Napa 199510
NapaR_Napa,11/30/1995,2.61,NapaR_Napa 199511
NapaR_Napa,12/31/1995,229.2,NapaR_Napa 199512
NapaR_Napa,1/31/1996,695.9,NapaR_Napa 199601
NapaR_Napa,2/29/1996,1335,NapaR_Napa 199602
NapaR_Napa,3/31/1996,516.4,NapaR_Napa 199603
NapaR_Napa,4/30/1996,210.7,NapaR_Napa 199604
NapaR_Napa,5/31/1996,110.9,NapaR_Napa 199605
NapaR_Napa,6/30/1996,42.8,NapaR_Napa 199606
NapaR_Napa,7/31/1996,14,NapaR_Napa 199607
NapaR_Napa,8/31/1996,5.49,NapaR_Napa 199608
NapaR_Napa,9/30/1996,2.84,NapaR_Napa 199609
NapaR_Napa,10/31/1996,2.54,NapaR_Napa 199610
NapaR_Napa,11/30/1996,35.4,NapaR_Napa 199611
NapaR_Napa,12/31/1996,749.8,NapaR_Napa 199612
NapaR_Napa,1/31/1997,2481,NapaR_Napa 199701
NapaR_Napa,2/28/1997,336.3,NapaR_Napa 199702
NapaR_Napa,3/31/1997,97.8,NapaR_Napa 199703
NapaR_Napa,4/30/1997,41,NapaR_Napa 199704
NapaR_Napa,5/31/1997,20.8,NapaR_Napa 199705
NapaR_Napa,6/30/1997,5.96,NapaR_Napa 199706
NapaR_Napa,7/31/1997,1.02,NapaR_Napa 199707
NapaR_Napa,8/31/1997,0.244,NapaR_Napa 199708
NapaR_Napa,9/30/1997,0.201,NapaR_Napa 199709
NapaR_Napa,10/31/1997,0.552,NapaR_Napa 199710
NapaR_Napa,11/30/1997,43,NapaR_Napa 199711
NapaR_Napa,12/31/1997,143.8,NapaR_Napa 199712
NapaR_Napa,1/31/1998,862.2,NapaR_Napa 199801
NapaR_Napa,2/28/1998,3408,NapaR_Napa 199802
NapaR_Napa,3/31/1998,339.7,NapaR_Napa 199803
NapaR_Napa,4/30/1998,273.6,NapaR_Napa 199804
NapaR_Napa,5/31/1998,148.7,NapaR_Napa 199805
NapaR_Napa,6/30/1998,100.5,NapaR_Napa 199806
NapaR_Napa,7/31/1998,23.9,NapaR_Napa 199807
NapaR_Napa,8/31/1998,5.46,NapaR_Napa 199808
NapaR_Napa,9/30/1998,3.05,NapaR_Napa 199809
NapaR_Napa,10/31/1998,2.82,NapaR_Napa 199810
NapaR_Napa,11/30/1998,54.2,NapaR_Napa 199811
NapaR_Napa,12/31/1998,130.7,NapaR_Napa 199812
NapaR_Napa,1/31/1999,122.4,NapaR_Napa 199901
NapaR_Napa,2/28/1999,1276,NapaR_Napa 199902
NapaR_Napa,3/31/1999,517.6,NapaR_Napa 199903
NapaR_Napa,4/30/1999,354.1,NapaR_Napa 199904
NapaR_Napa,5/31/1999,72.2,NapaR_Napa 199905
NapaR_Napa,6/30/1999,26.3,NapaR_Napa 199906
NapaR_Napa,7/31/1999,5.78,NapaR_Napa 199907
NapaR_Napa,8/31/1999,2.73,NapaR_Napa 199908
NapaR_Napa,9/30/1999,0.831,NapaR_Napa 199909
NapaR_Napa,10/31/1999,1.23,NapaR_Napa 199910
NapaR_Napa,11/30/1999,6.68,NapaR_Napa 199911
NapaR_Napa,12/31/1999,7.77,NapaR_Napa 199912
NapaR_Napa,1/31/2000,104.1,NapaR_Napa 200001
NapaR_Napa,2/29/2000,1034,NapaR_Napa 200002
NapaR_Napa,3/31/2000,592.9,NapaR_Napa 200003
NapaR_Napa,4/30/2000,85.1,NapaR_Napa 200004
NapaR_Napa,5/31/2000,40.1,NapaR_Napa 200005
NapaR_Napa,6/30/2000,11,NapaR_Napa 200006
NapaR_Napa,7/31/2000,2.64,NapaR_Napa 200007
NapaR_Napa,8/31/2000,0.324,NapaR_Napa 200008
NapaR_Napa,9/30/2000,0.057,NapaR_Napa 200009
NapaR_Napa,10/31/2000,2.3,NapaR_Napa 200010
NapaR_Napa,11/30/2000,4.6,NapaR_Napa 200011
NapaR_Napa,12/31/2000,6.94,NapaR_Napa 200012
NapaR_Napa,1/31/2001,71.5,NapaR_Napa 200101
NapaR_Napa,2/28/2001,442.4,NapaR_Napa 200102
NapaR_Napa,3/31/2001,305.3,NapaR_Napa 200103
NapaR_Napa,4/30/2001,38.9,NapaR_Napa 200104
NapaR_Napa,5/31/2001,18.4,NapaR_Napa 200105
NapaR_Napa,6/30/2001,4.29,NapaR_Napa 200106
NapaR_Napa,7/31/2001,0.719,NapaR_Napa 200107
NapaR_Napa,8/31/2001,0.04,NapaR_Napa 200108
NapaR_Napa,9/30/2001,0,NapaR_Napa 200109
NapaR_Napa,10/31/2001,0,NapaR_Napa 200110
NapaR_Napa,11/30/2001,65.6,NapaR_Napa 200111
NapaR_Napa,12/31/2001,964,NapaR_Napa 200112
NapaR_Napa,1/31/2002,814.7,NapaR_Napa 200201
NapaR_Napa,2/28/2002,159.2,NapaR_Napa 200202
NapaR_Napa,3/31/2002,212,NapaR_Napa 200203
NapaR_Napa,4/30/2002,65.1,NapaR_Napa 200204
NapaR_Napa,5/31/2002,26.6,NapaR_Napa 200205
NapaR_Napa,6/30/2002,9.36,NapaR_Napa 200206
NapaR_Napa,7/31/2002,1.76,NapaR_Napa 200207
NapaR_Napa,8/31/2002,0,NapaR_Napa 200208
NapaR_Napa,9/30/2002,0,NapaR_Napa 200209
NapaR_Napa,10/31/2002,0,NapaR_Napa 200210
NapaR_Napa,11/30/2002,4.72,NapaR_Napa 200211
NapaR_Napa,12/31/2002,1613,NapaR_Napa 200212
NapaR_Napa,1/31/2003,659.6,NapaR_Napa 200301
NapaR_Napa,2/28/2003,292.7,NapaR_Napa 200302
NapaR_Napa,3/31/2003,252.1,NapaR_Napa 200303
NapaR_Napa,4/30/2003,249.8,NapaR_Napa 200304
NapaR_Napa,5/31/2003,278.8,NapaR_Napa 200305
NapaR_Napa,6/30/2003,33.5,NapaR_Napa 200306
NapaR_Napa,7/31/2003,7.4,NapaR_Napa 200307
NapaR_Napa,8/31/2003,1.77,NapaR_Napa 200308
NapaR_Napa,9/30/2003,0.133,NapaR_Napa 200309
NapaR_Napa,10/31/2003,0,NapaR_Napa 200310
NapaR_Napa,11/30/2003,3.59,NapaR_Napa 200311
NapaR_Napa,12/31/2003,576.7,NapaR_Napa 200312
NapaR_Napa,1/31/2004,474.8,NapaR_Napa 200401
NapaR_Napa,2/29/2004,1401,NapaR_Napa 200402
NapaR_Napa,3/31/2004,260.4,NapaR_Napa 200403
NapaR_Napa,4/30/2004,52.2,NapaR_Napa 200404
NapaR_Napa,5/31/2004,24.7,NapaR_Napa 200405
NapaR_Napa,6/30/2004,8.88,NapaR_Napa 200406
NapaR_Napa,7/31/2004,2.29,NapaR_Napa 200407
NapaR_Napa,8/31/2004,0.243,NapaR_Napa 200408
NapaR_Napa,9/30/2004,0.034,NapaR_Napa 200409
NapaR_Napa,10/31/2004,3.64,NapaR_Napa 200410
NapaR_Napa,11/30/2004,8.51,NapaR_Napa 200411
NapaR_Napa,12/31/2004,519.9,NapaR_Napa 200412
NapaR_Napa,1/31/2005,721.3,NapaR_Napa 200501
NapaR_Napa,2/28/2005,398.6,NapaR_Napa 200502
NapaR_Napa,3/31/2005,697.4,NapaR_Napa 200503
NapaR_Napa,4/30/2005,278.4,NapaR_Napa 200504
NapaR_Napa,5/31/2005,265.8,NapaR_Napa 200505
NapaR_Napa,6/30/2005,62.4,NapaR_Napa 200506
NapaR_Napa,7/31/2005,16.2,NapaR_Napa 200507
NapaR_Napa,8/31/2005,4.18,NapaR_Napa 200508
NapaR_Napa,9/30/2005,1.15,NapaR_Napa 200509
NapaR_Napa,10/31/2005,0.019,NapaR_Napa 200510
NapaR_Napa,11/30/2005,3.17,NapaR_Napa 200511
NapaR_Napa,12/31/2005,1407,NapaR_Napa 200512
NapaR_Napa,1/31/2006,1272,NapaR_Napa 200601
NapaR_Napa,2/28/2006,544.9,NapaR_Napa 200602
NapaR_Napa,3/31/2006,1394,NapaR_Napa 200603
NapaR_Napa,4/30/2006,1205,NapaR_Napa 200604
NapaR_Napa,5/31/2006,118.6,NapaR_Napa 200605
NapaR_Napa,6/30/2006,36,NapaR_Napa 200606
NapaR_Napa,7/31/2006,11.5,NapaR_Napa 200607
NapaR_Napa,8/31/2006,2.8,NapaR_Napa 200608
NapaR_Napa,9/30/2006,0.632,NapaR_Napa 200609
NapaR_Napa,10/31/2006,0.435,NapaR_Napa 200610
NapaR_Napa,11/30/2006,4.15,NapaR_Napa 200611
NapaR_Napa,12/31/2006,61,NapaR_Napa 200612
NapaR_Napa,1/31/2007,27.4,NapaR_Napa 200701
NapaR_Napa,2/28/2007,311.2,NapaR_Napa 200702
NapaR_Napa,3/31/2007,101.7,NapaR_Napa 200703
NapaR_Napa,4/30/2007,29.6,NapaR_Napa 200704
NapaR_Napa,5/31/2007,18.7,NapaR_Napa 200705
NapaR_Napa,6/30/2007,10.1,NapaR_Napa 200706
NapaR_Napa,7/31/2007,1.49,NapaR_Napa 200707
NapaR_Napa,8/31/2007,0.186,NapaR_Napa 200708
NapaR_Napa,9/30/2007,0.022,NapaR_Napa 200709
NapaR_Napa,10/31/2007,0.014,NapaR_Napa 200710
NapaR_Napa,11/30/2007,0.012,NapaR_Napa 200711
NapaR_Napa,12/31/2007,19.1,NapaR_Napa 200712
NapaR_Napa,1/31/2008,673.5,NapaR_Napa 200801
NapaR_Napa,2/29/2008,519.3,NapaR_Napa 200802
NapaR_Napa,3/31/2008,104,NapaR_Napa 200803
NapaR_Napa,4/30/2008,31.1,NapaR_Napa 200804
NapaR_Napa,5/31/2008,16.2,NapaR_Napa 200805
NapaR_Napa,6/30/2008,4.62,NapaR_Napa 200806
NapaR_Napa,7/31/2008,0.726,NapaR_Napa 200807
NapaR_Napa,8/31/2008,0.054,NapaR_Napa 200808
NapaR_Napa,9/30/2008,0.004,NapaR_Napa 200809
NapaR_Napa,10/31/2008,0,NapaR_Napa 200810
NapaR_Napa,11/30/2008,0.825,NapaR_Napa 200811
NapaR_Napa,12/31/2008,10.7,NapaR_Napa 200812
NapaR_Napa,1/31/2009,5.56,NapaR_Napa 200901
NapaR_Napa,2/28/2009,617.8,NapaR_Napa 200902
NapaR_Napa,3/31/2009,341.7,NapaR_Napa 200903
NapaR_Napa,4/30/2009,38.4,NapaR_Napa 200904
NapaR_Napa,5/31/2009,42.1,NapaR_Napa 200905
NapaR_Napa,6/30/2009,10.6,NapaR_Napa 200906
NapaR_Napa,7/31/2009,1.74,NapaR_Napa 200907
NapaR_Napa,8/31/2009,0.12,NapaR_Napa 200908
NapaR_Napa,9/30/2009,0,NapaR_Napa 200909
NapaR_Napa,10/31/2009,3.51,NapaR_Napa 200910
NapaR_Napa,11/30/2009,0.75,NapaR_Napa 200911
NapaR_Napa,12/31/2009,9.96,NapaR_Napa 200912
NapaR_Napa,1/31/2010,678.2,NapaR_Napa 201001
NapaR_Napa,2/28/2010,431.8,NapaR_Napa 201002
NapaR_Napa,3/31/2010,419.5,NapaR_Napa 201003
NapaR_Napa,4/30/2010,451.3,NapaR_Napa 201004
NapaR_Napa,5/31/2010,86.2,NapaR_Napa 201005
NapaR_Napa,6/30/2010,30.7,NapaR_Napa 201006
NapaR_Napa,7/31/2010,9.63,NapaR_Napa 201007
NapaR_Napa,8/31/2010,3.34,NapaR_Napa 201008
NapaR_Napa,9/30/2010,0.261,NapaR_Napa 201009
NapaR_Napa,10/31/2010,12.3,NapaR_Napa 201010
NapaR_Napa,11/30/2010,21.7,NapaR_Napa 201011
NapaR_Napa,12/31/2010,538.3,NapaR_Napa 201012
NapaR_Napa,1/31/2011,278.4,NapaR_Napa 201101
NapaR_Napa,2/28/2011,641.6,NapaR_Napa 201102
NapaR_Napa,3/31/2011,1733,NapaR_Napa 201103
NapaR_Napa,4/30/2011,236.1,NapaR_Napa 201104
NapaR_Napa,5/31/2011,69.2,NapaR_Napa 201105
NapaR_Napa,6/30/2011,60.9,NapaR_Napa 201106
NapaR_Napa,7/31/2011,16.2,NapaR_Napa 201107
NapaR_Napa,8/31/2011,5.35,NapaR_Napa 201108
NapaR_Napa,9/30/2011,2.15,NapaR_Napa 201109
NapaR_Napa,10/31/2011,3.9,NapaR_Napa 201110
NapaR_Napa,11/30/2011,5.33,NapaR_Napa 201111
NapaR_Napa,12/31/2011,5.17,NapaR_Napa 201112
NapaR_Napa,1/31/2012,98.4,NapaR_Napa 201201
NapaR_Napa,2/29/2012,21.7,NapaR_Napa 201202
NapaR_Napa,3/31/2012,621,NapaR_Napa 201203
NapaR_Napa,4/30/2012,310.1,NapaR_Napa 201204
NapaR_Napa,5/31/2012,52.1,NapaR_Napa 201205
NapaR_Napa,6/30/2012,15,NapaR_Napa 201206
NapaR_Napa,7/31/2012,4.7,NapaR_Napa 201207
NapaR_Napa,8/31/2012,0.381,NapaR_Napa 201208
NapaR_Napa,9/30/2012,0,NapaR_Napa 201209
NapaR_Napa,10/31/2012,0,NapaR_Napa 201210
NapaR_Napa,11/30/2012,146.3,NapaR_Napa 201211
NapaR_Napa,12/31/2012,1358,NapaR_Napa 201212
NapaR_Napa,1/31/2013,248.3,NapaR_Napa 201301
NapaR_Napa,2/28/2013,61.4,NapaR_Napa 201302
NapaR_Napa,3/31/2013,37.7,NapaR_Napa 201303
NapaR_Napa,4/30/2013,27.4,NapaR_Napa 201304
NapaR_Napa,5/31/2013,10.3,NapaR_Napa 201305
NapaR_Napa,6/30/2013,4.42,NapaR_Napa 201306
NapaR_Napa,7/31/2013,0.234,NapaR_Napa 201307
NapaR_Napa,8/31/2013,0,NapaR_Napa 201308
NapaR_Napa,9/30/2013,0,NapaR_Napa 201309
NapaR_Napa,10/31/2013,0,NapaR_Napa 201310
NapaR_Napa,11/30/2013,0,NapaR_Napa 201311
NapaR_Napa,12/31/2013,0,NapaR_Napa 201312
NapaR_Napa,1/31/2014,0,NapaR_Napa 201401
NapaR_Napa,2/28/2014,183.8,NapaR_Napa 201402
NapaR_Napa,3/31/2014,111.5,NapaR_Napa 201403
NapaR_Napa,4/30/2014,128.2,NapaR_Napa 201404
NapaR_Napa,5/31/2014,18.8,NapaR_Napa 201405
NapaR_Napa,6/30/2014,3.88,NapaR_Napa 201406
NapaR_Napa,7/31/2014,0.135,NapaR_Napa 201407
NapaR_Napa,8/31/2014,0,NapaR_Napa 201408
NapaR_Napa,9/30/2014,0.032,NapaR_Napa 201409
NapaR_Napa,10/31/2014,0,NapaR_Napa 201410
NapaR_Napa,11/30/2014,0.087,NapaR_Napa 201411
NapaR_Napa,12/31/2014,695.2,NapaR_Napa 201412
NapaR_Napa,1/31/2015,52.5,NapaR_Napa 201501
NapaR_Napa,2/28/2015,299.9,NapaR_Napa 201502
NapaR_Napa,3/31/2015,49.2,NapaR_Napa 201503
NapaR_Napa,4/30/2015,25.6,NapaR_Napa 201504
NapaR_Napa,5/31/2015,12.2,NapaR_Napa 201505
NapaR_Napa,6/30/2015,11.5,NapaR_Napa 201506
NapaR_Napa,7/31/2015,1.69,NapaR_Napa 201507
NapaR_Napa,8/31/2015,0,NapaR_Napa 201508
NapaR_Napa,9/30/2015,0,NapaR_Napa 201509
NapaR_Napa,10/31/2015,0,NapaR_Napa 201510
NapaR_Napa,11/30/2015,0,NapaR_Napa 201511
NapaR_Napa,12/31/2015,26.8,NapaR_Napa 201512
NapaR_Napa,1/31/2016,420.3,NapaR_Napa 201601
NapaR_Napa,2/29/2016,81.1,NapaR_Napa 201602
NapaR_Napa,3/31/2016,1188,NapaR_Napa 201603
NapaR_Napa,4/30/2016,96.3,NapaR_Napa 201604
NapaR_Napa,5/31/2016,32.6,NapaR_Napa 201605
NapaR_Napa,6/30/2016,11,NapaR_Napa 201606
NapaR_Napa,7/31/2016,2.68,NapaR_Napa 201607
NapaR_Napa,8/31/2016,0.164,NapaR_Napa 201608
NapaR_Napa,9/30/2016,0,NapaR_Napa 201609
NapaR_Napa,10/31/2016,6.08,NapaR_Napa 201610
NapaR_Napa,11/30/2016,50,NapaR_Napa 201611
NapaR_Napa,12/31/2016,353.5,NapaR_Napa 201612
NapaR_Napa,1/31/2017,2745,NapaR_Napa 201701
NapaR_Napa,2/28/2017,2661,NapaR_Napa 201702
NapaR_Napa,3/31/2017,374.9,NapaR_Napa 201703
NapaR_Napa,4/30/2017,336,NapaR_Napa 201704
NapaR_Napa,5/31/2017,70,NapaR_Napa 201705
NapaR_Napa,6/30/2017,26.2,NapaR_Napa 201706
NapaR_Napa,7/31/2017,6.81,NapaR_Napa 201707
NapaR_Napa,8/31/2017,1.57,NapaR_Napa 201708
NapaR_Napa,9/30/2017,0,NapaR_Napa 201709
NapaR_Napa,10/31/2017,0.281,NapaR_Napa 201710
NapaR_Napa,11/30/2017,4.52,NapaR_Napa 201711
NapaR_Napa,12/31/2017,5.15,NapaR_Napa 201712
NapaR_Napa,1/31/2018,55.8,NapaR_Napa 201801
NapaR_Napa,2/28/2018,18.1,NapaR_Napa 201802
NapaR_Napa,3/31/2018,221.4,NapaR_Napa 201803
NapaR_Napa,4/30/2018,123.9,NapaR_Napa 201804
NapaR_Napa,5/31/2018,27.5,NapaR_Napa 201805
NapaR_Napa,6/30/2018,9.18,NapaR_Napa 201806
NapaR_Napa,7/31/2018,5.18,NapaR_Napa 201807
NapaR_Napa,8/31/2018,0.013,NapaR_Napa 201808
NapaR_Napa,9/30/2018,0,NapaR_Napa 201809
NapaR_Napa,10/31/2018,0,NapaR_Napa 201810
NapaR_Napa,11/30/2018,2.35,NapaR_Napa 201811
NapaR_Napa,12/31/2018,19.9,NapaR_Napa 201812
NapaR_Napa,1/31/2019,501.6,NapaR_Napa 201901
NapaR_Napa,2/28/2019,2166,NapaR_Napa 201902
NapaR_Napa,3/31/2019,963.7,NapaR_Napa 201903
NapaR_Napa,4/30/2019,279.5,NapaR_Napa 201904
NapaR_Napa,5/31/2019,106.4,NapaR_Napa 201905
NapaR_Napa,6/30/2019,39.8,NapaR_Napa 201906
NapaR_Napa,7/31/2019,13.3,NapaR_Napa 201907
NapaR_Napa,8/31/2019,3.48,NapaR_Napa 201908
NapaR_Napa,9/30/2019,0,NapaR_Napa 201909
NapaR_Napa,10/31/2019,0,NapaR_Napa 201910
NapaR_Napa,11/30/2019,0,NapaR_Napa 201911
NapaR_Napa,12/31/2019,91.5,NapaR_Napa 201912
NapaR_Napa,1/31/2020,97.4,NapaR_Napa 202001
NapaR_Napa,2/29/2020,41.3,NapaR_Napa 202002
NapaR_Napa,3/31/2020,21.1,NapaR_Napa 202003
NapaR_Napa,4/30/2020,21.6,NapaR_Napa 202004
NapaR_Napa,5/31/2020,10.7,NapaR_Napa 202005
NapaR_Napa,6/30/2020,1.68,NapaR_Napa 202006
NapaR_Napa,7/31/2020,0,NapaR_Napa 202007
NapaR_Napa,8/31/2020,0,NapaR_Napa 202008
NapaR_Napa,9/30/2020,0,NapaR_Napa 202009
NapaR_Napa,10/31/2020,0,NapaR_Napa 202010
NapaR_Napa,11/30/2020,0,NapaR_Napa 202011
NapaR_Napa,12/31/2020,0,NapaR_Napa 202012
NapaR_Napa,1/31/2021,2.13,NapaR_Napa 202101
NapaR_Napa,2/28/2021,7.09,NapaR_Napa 202102
NapaR_Napa,3/31/2021,21.3,NapaR_Napa 202103
NapaR_Napa,4/30/2021,2.96,NapaR_Napa 202104
NapaR_Napa,5/31/2021,0,NapaR_Napa 202105
NapaR_Napa,6/30/2021,0,NapaR_Napa 202106
NapaR_Napa,7/31/2021,0,NapaR_Napa 202107
NapaR_Napa,8/31/2021,0,NapaR_Napa 202108
NapaR_Napa,9/30/2021,0,NapaR_Napa 202109
NapaR_Napa,10/31/2021,233.4,NapaR_Napa 202110
NapaR_Napa,11/30/2021,37.4,NapaR_Napa 202111
NapaR_Napa,12/31/2021,500.7,NapaR_Napa 202112
NapaR_Napa,1/31/2022,175.4,NapaR_Napa 202201
NapaR_Napa,2/28/2022,40.4,NapaR_Napa 202202
NapaR_Napa,3/31/2022,22.2,NapaR_Napa 202203
NapaR_Napa,4/30/2022,22.1,NapaR_Napa 202204
NapaR_Napa,5/31/2022,10.9,NapaR_Napa 202205
NapaR_Napa,6/30/2022,3.66,NapaR_Napa 202206
NapaR_Napa,7/31/2022,0.243,NapaR_Napa 202207
NapaR_Napa,8/31/2022,0,NapaR_Napa 202208
NapaR_Napa,9/30/2022,0,NapaR_Napa 202209
NapaR_Napa,10/31/2022,0,NapaR_Napa 202210
NapaR_Napa,11/30/2022,0,NapaR_Napa 202211
NapaR_Napa,12/31/2022,157.6,NapaR_Napa 202212
NapaR_Napa,1/31/2023,1740,NapaR_Napa 202301
NapaR_Napa,2/28/2023,252.4,NapaR_Napa 202302
NapaR_Napa,3/31/2023,1686,NapaR_Napa 202303
NapaR_Napa,4/30/2023,237.8,NapaR_Napa 202304
NapaR_Napa,5/31/2023,61.7,NapaR_Napa 202305
NapaR_Napa,6/30/2023,27.3,NapaR_Napa 202306
NapaR_Napa,7/31/2023,8.72,NapaR_Napa 202307
NapaR_Napa,8/31/2023,2.12,NapaR_Napa 202308
NapaR_Napa,9/30/2023,0.281,NapaR_Napa 202309
NapaR_Napa,10/31/2023,0.015,NapaR_Napa 202310
NapaR_Napa,11/30/2023,0.564,NapaR_Napa 202311
NapaR_Napa,12/31/2023,36.4,NapaR_Napa 202312
NapaR_Napa,1/31/2024,303,NapaR_Napa 202401
NapaR_Napa,2/29/2024,1250,NapaR_Napa 202402
NapaR_Napa,3/31/2024,411.5,NapaR_Napa 202403
NapaR_Napa,4/30/2024,127.4,NapaR_Napa 202404
NapaR_Napa,5/31/2024,50.6,NapaR_Napa 202405
NapaR_Napa,6/30/2024,17.4,NapaR_Napa 202406
NapaR_Napa,7/31/2024,4.55,NapaR_Napa 202407
NapaR_Napa,8/31/2024,1.58,NapaR_Napa 202408
NapaR_Napa,9/30/2024,0.234,NapaR_Napa 202409
NapaR_Napa,10/31/2024,0,NapaR_Napa 202410
NapaR_Napa,11/30/2024,505.1,NapaR_Napa 202411
NapaR_Napa,12/31/2024,657.9,NapaR_Napa 202412
NapaR_Napa,1/31/2025,258.5,NapaR_Napa 202501
NapaR_Napa,2/28/2025,1600,NapaR_Napa 202502
NapaR_Napa,3/31/2025,238,NapaR_Napa 202503
NapaR_Helena,10/31/1929,0.1,NapaR_Helena 192910
NapaR_Helena,11/30/1929,0.49,NapaR_Helena 192911
NapaR_Helena,12/31/1929,320.7,NapaR_Helena 192912
NapaR_Helena,1/31/1930,201.5,NapaR_Helena 193001
NapaR_Helena,2/28/1930,162.7,NapaR_Helena 193002
NapaR_Helena,3/31/1930,174.2,NapaR_Helena 193003
NapaR_Helena,4/30/1930,26.2,NapaR_Helena 193004
NapaR_Helena,5/31/1930,13.4,NapaR_Helena 193005
NapaR_Helena,6/30/1930,4.77,NapaR_Helena 193006
NapaR_Helena,7/31/1930,1.75,NapaR_Helena 193007
NapaR_Helena,8/31/1930,0.497,NapaR_Helena 193008
NapaR_Helena,9/30/1930,0.4,NapaR_Helena 193009
NapaR_Helena,10/31/1930,0.4,NapaR_Helena 193010
NapaR_Helena,11/30/1930,0.5,NapaR_Helena 193011
NapaR_Helena,12/31/1930,1.04,NapaR_Helena 193012
NapaR_Helena,1/31/1931,31.1,NapaR_Helena 193101
NapaR_Helena,2/28/1931,9.04,NapaR_Helena 193102
NapaR_Helena,3/31/1931,27.9,NapaR_Helena 193103
NapaR_Helena,4/30/1931,8.61,NapaR_Helena 193104
NapaR_Helena,5/31/1931,3.98,NapaR_Helena 193105
NapaR_Helena,6/30/1931,0.797,NapaR_Helena 193106
NapaR_Helena,7/31/1931,0.142,NapaR_Helena 193107
NapaR_Helena,8/31/1931,0.1,NapaR_Helena 193108
NapaR_Helena,9/30/1931,0.1,NapaR_Helena 193109
NapaR_Helena,10/31/1931,0.1,NapaR_Helena 193110
NapaR_Helena,11/30/1931,0.1,NapaR_Helena 193111
NapaR_Helena,12/31/1931,340.3,NapaR_Helena 193112
NapaR_Helena,1/31/1932,159,NapaR_Helena 193201
NapaR_Helena,2/29/1932,105.7,NapaR_Helena 193202
NapaR_Helena,3/31/1932,24.5,NapaR_Helena 193203
NapaR_Helena,4/30/1932,13.6,NapaR_Helena 193204
NapaR_Helena,5/31/1932,10.6,NapaR_Helena 193205
NapaR_Helena,6/30/1932,4.58,NapaR_Helena 193206
NapaR_Helena,7/31/1932,1.35,NapaR_Helena 193207
NapaR_Helena,8/31/1932,0.3,NapaR_Helena 193208
NapaR_Helena,10/31/1939,0.1,NapaR_Helena 193910
NapaR_Helena,11/30/1939,0.133,NapaR_Helena 193911
NapaR_Helena,12/31/1939,0.235,NapaR_Helena 193912
NapaR_Helena,1/31/1940,306.6,NapaR_Helena 194001
NapaR_Helena,2/29/1940,863.7,NapaR_Helena 194002
NapaR_Helena,3/31/1940,485.3,NapaR_Helena 194003
NapaR_Helena,4/30/1940,139.1,NapaR_Helena 194004
NapaR_Helena,5/31/1940,22.9,NapaR_Helena 194005
NapaR_Helena,6/30/1940,11.5,NapaR_Helena 194006
NapaR_Helena,7/31/1940,4.75,NapaR_Helena 194007
NapaR_Helena,8/31/1940,2.56,NapaR_Helena 194008
NapaR_Helena,9/30/1940,1.25,NapaR_Helena 194009
NapaR_Helena,10/31/1940,0.913,NapaR_Helena 194010
NapaR_Helena,11/30/1940,2.76,NapaR_Helena 194011
NapaR_Helena,12/31/1940,444,NapaR_Helena 194012
NapaR_Helena,1/31/1941,683,NapaR_Helena 194101
NapaR_Helena,2/28/1941,537.3,NapaR_Helena 194102
NapaR_Helena,3/31/1941,328,NapaR_Helena 194103
NapaR_Helena,4/30/1941,489.1,NapaR_Helena 194104
NapaR_Helena,5/31/1941,38.8,NapaR_Helena 194105
NapaR_Helena,6/30/1941,14.5,NapaR_Helena 194106
NapaR_Helena,7/31/1941,7.66,NapaR_Helena 194107
NapaR_Helena,8/31/1941,4.43,NapaR_Helena 194108
NapaR_Helena,9/30/1941,3.11,NapaR_Helena 194109
NapaR_Helena,10/31/1941,1.57,NapaR_Helena 194110
NapaR_Helena,11/30/1941,3.49,NapaR_Helena 194111
NapaR_Helena,12/31/1941,337.5,NapaR_Helena 194112
NapaR_Helena,1/31/1942,371,NapaR_Helena 194201
NapaR_Helena,2/28/1942,826.3,NapaR_Helena 194202
NapaR_Helena,3/31/1942,137,NapaR_Helena 194203
NapaR_Helena,4/30/1942,242.8,NapaR_Helena 194204
NapaR_Helena,5/31/1942,51.7,NapaR_Helena 194205
NapaR_Helena,6/30/1942,15.9,NapaR_Helena 194206
NapaR_Helena,7/31/1942,7,NapaR_Helena 194207
NapaR_Helena,8/31/1942,3.16,NapaR_Helena 194208
NapaR_Helena,9/30/1942,1.63,NapaR_Helena 194209
NapaR_Helena,10/31/1942,1.2,NapaR_Helena 194210
NapaR_Helena,11/30/1942,22.1,NapaR_Helena 194211
NapaR_Helena,12/31/1942,95,NapaR_Helena 194212
NapaR_Helena,1/31/1943,525.3,NapaR_Helena 194301
NapaR_Helena,2/28/1943,140.9,NapaR_Helena 194302
NapaR_Helena,3/31/1943,142.4,NapaR_Helena 194303
NapaR_Helena,4/30/1943,45.5,NapaR_Helena 194304
NapaR_Helena,5/31/1943,22.4,NapaR_Helena 194305
NapaR_Helena,6/30/1943,8.89,NapaR_Helena 194306
NapaR_Helena,7/31/1943,4.32,NapaR_Helena 194307
NapaR_Helena,8/31/1943,1.86,NapaR_Helena 194308
NapaR_Helena,9/30/1943,0.737,NapaR_Helena 194309
NapaR_Helena,10/31/1943,0.471,NapaR_Helena 194310
NapaR_Helena,11/30/1943,1.1,NapaR_Helena 194311
NapaR_Helena,12/31/1943,2.57,NapaR_Helena 194312
NapaR_Helena,1/31/1944,20.5,NapaR_Helena 194401
NapaR_Helena,2/29/1944,200.4,NapaR_Helena 194402
NapaR_Helena,3/31/1944,230.5,NapaR_Helena 194403
NapaR_Helena,4/30/1944,24.8,NapaR_Helena 194404
NapaR_Helena,5/31/1944,13.9,NapaR_Helena 194405
NapaR_Helena,6/30/1944,6.95,NapaR_Helena 194406
NapaR_Helena,7/31/1944,2.81,NapaR_Helena 194407
NapaR_Helena,8/31/1944,1.25,NapaR_Helena 194408
NapaR_Helena,9/30/1944,0.587,NapaR_Helena 194409
NapaR_Helena,10/31/1944,0.745,NapaR_Helena 194410
NapaR_Helena,11/30/1944,21.8,NapaR_Helena 194411
NapaR_Helena,12/31/1944,39.1,NapaR_Helena 194412
NapaR_Helena,1/31/1945,47.5,NapaR_Helena 194501
NapaR_Helena,2/28/1945,361.8,NapaR_Helena 194502
NapaR_Helena,3/31/1945,156.1,NapaR_Helena 194503
NapaR_Helena,4/30/1945,48.2,NapaR_Helena 194504
NapaR_Helena,5/31/1945,18.1,NapaR_Helena 194505
NapaR_Helena,6/30/1945,6.42,NapaR_Helena 194506
NapaR_Helena,7/31/1945,3.02,NapaR_Helena 194507
NapaR_Helena,8/31/1945,1.26,NapaR_Helena 194508
NapaR_Helena,9/30/1945,1.06,NapaR_Helena 194509
NapaR_Helena,10/31/1945,1.29,NapaR_Helena 194510
NapaR_Helena,11/30/1945,42.5,NapaR_Helena 194511
NapaR_Helena,12/31/1945,479.1,NapaR_Helena 194512
NapaR_Helena,1/31/1946,152.2,NapaR_Helena 194601
NapaR_Helena,2/28/1946,49.1,NapaR_Helena 194602
NapaR_Helena,3/31/1946,44.2,NapaR_Helena 194603
NapaR_Helena,4/30/1946,40.8,NapaR_Helena 194604
NapaR_Helena,5/31/1946,12.1,NapaR_Helena 194605
NapaR_Helena,6/30/1946,4.26,NapaR_Helena 194606
NapaR_Helena,7/31/1946,1.63,NapaR_Helena 194607
NapaR_Helena,8/31/1946,0.916,NapaR_Helena 194608
NapaR_Helena,9/30/1946,0.46,NapaR_Helena 194609
NapaR_Helena,10/31/1946,0.523,NapaR_Helena 194610
NapaR_Helena,11/30/1946,11.8,NapaR_Helena 194611
NapaR_Helena,12/31/1946,42.8,NapaR_Helena 194612
NapaR_Helena,1/31/1947,7.71,NapaR_Helena 194701
NapaR_Helena,2/28/1947,115.7,NapaR_Helena 194702
NapaR_Helena,3/31/1947,133.4,NapaR_Helena 194703
NapaR_Helena,4/30/1947,43.6,NapaR_Helena 194704
NapaR_Helena,5/31/1947,9.3,NapaR_Helena 194705
NapaR_Helena,6/30/1947,4.13,NapaR_Helena 194706
NapaR_Helena,7/31/1947,0.958,NapaR_Helena 194707
NapaR_Helena,8/31/1947,0.719,NapaR_Helena 194708
NapaR_Helena,9/30/1947,0.243,NapaR_Helena 194709
NapaR_Helena,10/31/1947,3.25,NapaR_Helena 194710
NapaR_Helena,11/30/1947,4.5,NapaR_Helena 194711
NapaR_Helena,12/31/1947,4.77,NapaR_Helena 194712
NapaR_Helena,1/31/1948,53,NapaR_Helena 194801
NapaR_Helena,2/29/1948,10.4,NapaR_Helena 194802
NapaR_Helena,3/31/1948,87.5,NapaR_Helena 194803
NapaR_Helena,4/30/1948,227.8,NapaR_Helena 194804
NapaR_Helena,5/31/1948,60.6,NapaR_Helena 194805
NapaR_Helena,6/30/1948,15.3,NapaR_Helena 194806
NapaR_Helena,7/31/1948,4.09,NapaR_Helena 194807
NapaR_Helena,8/31/1948,1.79,NapaR_Helena 194808
NapaR_Helena,9/30/1948,0.843,NapaR_Helena 194809
NapaR_Helena,10/31/1948,0.694,NapaR_Helena 194810
NapaR_Helena,11/30/1948,1.64,NapaR_Helena 194811
NapaR_Helena,12/31/1948,23.9,NapaR_Helena 194812
NapaR_Helena,1/31/1949,28.7,NapaR_Helena 194901
NapaR_Helena,2/28/1949,107.1,NapaR_Helena 194902
NapaR_Helena,3/31/1949,388,NapaR_Helena 194903
NapaR_Helena,4/30/1949,34.5,NapaR_Helena 194904
NapaR_Helena,5/31/1949,12.7,NapaR_Helena 194905
NapaR_Helena,6/30/1949,3.04,NapaR_Helena 194906
NapaR_Helena,7/31/1949,1.94,NapaR_Helena 194907
NapaR_Helena,8/31/1949,1.22,NapaR_Helena 194908
NapaR_Helena,9/30/1949,0.527,NapaR_Helena 194909
NapaR_Helena,10/31/1949,0.371,NapaR_Helena 194910
NapaR_Helena,11/30/1949,0.627,NapaR_Helena 194911
NapaR_Helena,12/31/1949,3.42,NapaR_Helena 194912
NapaR_Helena,1/31/1950,205.4,NapaR_Helena 195001
NapaR_Helena,2/28/1950,359.4,NapaR_Helena 195002
NapaR_Helena,3/31/1950,91,NapaR_Helena 195003
NapaR_Helena,4/30/1950,48.5,NapaR_Helena 195004
NapaR_Helena,5/31/1950,13.9,NapaR_Helena 195005
NapaR_Helena,6/30/1950,4.45,NapaR_Helena 195006
NapaR_Helena,7/31/1950,1.32,NapaR_Helena 195007
NapaR_Helena,8/31/1950,0.871,NapaR_Helena 195008
NapaR_Helena,9/30/1950,0.51,NapaR_Helena 195009
NapaR_Helena,10/31/1950,2.27,NapaR_Helena 195010
NapaR_Helena,11/30/1950,137.3,NapaR_Helena 195011
NapaR_Helena,12/31/1950,450.4,NapaR_Helena 195012
NapaR_Helena,1/31/1951,384.8,NapaR_Helena 195101
NapaR_Helena,2/28/1951,175,NapaR_Helena 195102
NapaR_Helena,3/31/1951,120.6,NapaR_Helena 195103
NapaR_Helena,4/30/1951,24.5,NapaR_Helena 195104
NapaR_Helena,5/31/1951,21.5,NapaR_Helena 195105
NapaR_Helena,6/30/1951,6.23,NapaR_Helena 195106
NapaR_Helena,7/31/1951,2.75,NapaR_Helena 195107
NapaR_Helena,8/31/1951,1.31,NapaR_Helena 195108
NapaR_Helena,9/30/1951,0.893,NapaR_Helena 195109
NapaR_Helena,10/31/1951,1.1,NapaR_Helena 195110
NapaR_Helena,11/30/1951,22.2,NapaR_Helena 195111
NapaR_Helena,12/31/1951,360.7,NapaR_Helena 195112
NapaR_Helena,1/31/1952,770.6,NapaR_Helena 195201
NapaR_Helena,2/29/1952,310.1,NapaR_Helena 195202
NapaR_Helena,3/31/1952,263.5,NapaR_Helena 195203
NapaR_Helena,4/30/1952,46.2,NapaR_Helena 195204
NapaR_Helena,5/31/1952,16.9,NapaR_Helena 195205
NapaR_Helena,6/30/1952,6.29,NapaR_Helena 195206
NapaR_Helena,7/31/1952,2.73,NapaR_Helena 195207
NapaR_Helena,8/31/1952,1.38,NapaR_Helena 195208
NapaR_Helena,9/30/1952,0.993,NapaR_Helena 195209
NapaR_Helena,10/31/1952,0.568,NapaR_Helena 195210
NapaR_Helena,11/30/1952,1.82,NapaR_Helena 195211
NapaR_Helena,12/31/1952,445.8,NapaR_Helena 195212
NapaR_Helena,1/31/1953,618,NapaR_Helena 195301
NapaR_Helena,2/28/1953,47.6,NapaR_Helena 195302
NapaR_Helena,3/31/1953,115.7,NapaR_Helena 195303
NapaR_Helena,4/30/1953,67.7,NapaR_Helena 195304
NapaR_Helena,5/31/1953,35,NapaR_Helena 195305
NapaR_Helena,6/30/1953,11.6,NapaR_Helena 195306
NapaR_Helena,7/31/1953,3.34,NapaR_Helena 195307
NapaR_Helena,8/31/1953,1.69,NapaR_Helena 195308
NapaR_Helena,9/30/1953,1.31,NapaR_Helena 195309
NapaR_Helena,10/31/1953,2,NapaR_Helena 195310
NapaR_Helena,11/30/1953,12.9,NapaR_Helena 195311
NapaR_Helena,12/31/1953,9.76,NapaR_Helena 195312
NapaR_Helena,1/31/1954,284.8,NapaR_Helena 195401
NapaR_Helena,2/28/1954,316.5,NapaR_Helena 195402
NapaR_Helena,3/31/1954,197.5,NapaR_Helena 195403
NapaR_Helena,4/30/1954,185,NapaR_Helena 195404
NapaR_Helena,5/31/1954,23.8,NapaR_Helena 195405
NapaR_Helena,6/30/1954,6.96,NapaR_Helena 195406
NapaR_Helena,7/31/1954,1.92,NapaR_Helena 195407
NapaR_Helena,8/31/1954,1.31,NapaR_Helena 195408
NapaR_Helena,9/30/1954,0.333,NapaR_Helena 195409
NapaR_Helena,10/31/1954,0.484,NapaR_Helena 195410
NapaR_Helena,11/30/1954,23.5,NapaR_Helena 195411
NapaR_Helena,12/31/1954,60.3,NapaR_Helena 195412
NapaR_Helena,1/31/1955,86.8,NapaR_Helena 195501
NapaR_Helena,2/28/1955,39.5,NapaR_Helena 195502
NapaR_Helena,3/31/1955,24.9,NapaR_Helena 195503
NapaR_Helena,4/30/1955,41.4,NapaR_Helena 195504
NapaR_Helena,5/31/1955,16.8,NapaR_Helena 195505
NapaR_Helena,6/30/1955,4.08,NapaR_Helena 195506
NapaR_Helena,7/31/1955,0.948,NapaR_Helena 195507
NapaR_Helena,8/31/1955,0.223,NapaR_Helena 195508
NapaR_Helena,9/30/1955,0.047,NapaR_Helena 195509
NapaR_Helena,10/31/1955,0.077,NapaR_Helena 195510
NapaR_Helena,11/30/1955,0.783,NapaR_Helena 195511
NapaR_Helena,12/31/1955,1088,NapaR_Helena 195512
NapaR_Helena,1/31/1956,847.6,NapaR_Helena 195601
NapaR_Helena,2/29/1956,728.8,NapaR_Helena 195602
NapaR_Helena,3/31/1956,92.4,NapaR_Helena 195603
NapaR_Helena,4/30/1956,31.7,NapaR_Helena 195604
NapaR_Helena,5/31/1956,24.8,NapaR_Helena 195605
NapaR_Helena,6/30/1956,6.05,NapaR_Helena 195606
NapaR_Helena,7/31/1956,1.65,NapaR_Helena 195607
NapaR_Helena,8/31/1956,0.877,NapaR_Helena 195608
NapaR_Helena,9/30/1956,0.117,NapaR_Helena 195609
NapaR_Helena,10/31/1956,2.75,NapaR_Helena 195610
NapaR_Helena,11/30/1956,3.13,NapaR_Helena 195611
NapaR_Helena,12/31/1956,3.64,NapaR_Helena 195612
NapaR_Helena,1/31/1957,21.5,NapaR_Helena 195701
NapaR_Helena,2/28/1957,220.3,NapaR_Helena 195702
NapaR_Helena,3/31/1957,144.5,NapaR_Helena 195703
NapaR_Helena,4/30/1957,39,NapaR_Helena 195704
NapaR_Helena,5/31/1957,75.3,NapaR_Helena 195705
NapaR_Helena,6/30/1957,14.6,NapaR_Helena 195706
NapaR_Helena,7/31/1957,2.44,NapaR_Helena 195707
NapaR_Helena,8/31/1957,0.842,NapaR_Helena 195708
NapaR_Helena,9/30/1957,0.643,NapaR_Helena 195709
NapaR_Helena,10/31/1957,22.3,NapaR_Helena 195710
NapaR_Helena,11/30/1957,14.5,NapaR_Helena 195711
NapaR_Helena,12/31/1957,82.8,NapaR_Helena 195712
NapaR_Helena,1/31/1958,293.8,NapaR_Helena 195801
NapaR_Helena,2/28/1958,1107,NapaR_Helena 195802
NapaR_Helena,3/31/1958,378.3,NapaR_Helena 195803
NapaR_Helena,4/30/1958,490.7,NapaR_Helena 195804
NapaR_Helena,5/31/1958,29.7,NapaR_Helena 195805
NapaR_Helena,6/30/1958,11.4,NapaR_Helena 195806
NapaR_Helena,7/31/1958,4.29,NapaR_Helena 195807
NapaR_Helena,8/31/1958,1.73,NapaR_Helena 195808
NapaR_Helena,9/30/1958,0.887,NapaR_Helena 195809
NapaR_Helena,10/31/1958,1.04,NapaR_Helena 195810
NapaR_Helena,11/30/1958,1.74,NapaR_Helena 195811
NapaR_Helena,12/31/1958,2.78,NapaR_Helena 195812
NapaR_Helena,1/31/1959,77.5,NapaR_Helena 195901
NapaR_Helena,2/28/1959,274.3,NapaR_Helena 195902
NapaR_Helena,3/31/1959,39.2,NapaR_Helena 195903
NapaR_Helena,4/30/1959,14.9,NapaR_Helena 195904
NapaR_Helena,5/31/1959,5.46,NapaR_Helena 195905
NapaR_Helena,6/30/1959,0.9,NapaR_Helena 195906
NapaR_Helena,7/31/1959,0.135,NapaR_Helena 195907
NapaR_Helena,8/31/1959,0.029,NapaR_Helena 195908
NapaR_Helena,9/30/1959,1.11,NapaR_Helena 195909
NapaR_Helena,10/31/1959,0.574,NapaR_Helena 195910
NapaR_Helena,11/30/1959,0.937,NapaR_Helena 195911
NapaR_Helena,12/31/1959,2.1,NapaR_Helena 195912
NapaR_Helena,1/31/1960,28.3,NapaR_Helena 196001
NapaR_Helena,2/29/1960,456.3,NapaR_Helena 196002
NapaR_Helena,3/31/1960,186.4,NapaR_Helena 196003
NapaR_Helena,4/30/1960,37.6,NapaR_Helena 196004
NapaR_Helena,5/31/1960,13.2,NapaR_Helena 196005
NapaR_Helena,6/30/1960,2.97,NapaR_Helena 196006
NapaR_Helena,7/31/1960,0.655,NapaR_Helena 196007
NapaR_Helena,8/31/1960,0.187,NapaR_Helena 196008
NapaR_Helena,9/30/1960,0.463,NapaR_Helena 196009
NapaR_Helena,10/31/1960,0.332,NapaR_Helena 196010
NapaR_Helena,11/30/1960,3,NapaR_Helena 196011
NapaR_Helena,12/31/1960,28.5,NapaR_Helena 196012
NapaR_Helena,1/31/1961,71.9,NapaR_Helena 196101
NapaR_Helena,2/28/1961,182.9,NapaR_Helena 196102
NapaR_Helena,3/31/1961,116.4,NapaR_Helena 196103
NapaR_Helena,4/30/1961,41.7,NapaR_Helena 196104
NapaR_Helena,5/31/1961,12.6,NapaR_Helena 196105
NapaR_Helena,6/30/1961,3.94,NapaR_Helena 196106
NapaR_Helena,7/31/1961,0.548,NapaR_Helena 196107
NapaR_Helena,8/31/1961,0.355,NapaR_Helena 196108
NapaR_Helena,9/30/1961,0.373,NapaR_Helena 196109
NapaR_Helena,10/31/1961,0.229,NapaR_Helena 196110
NapaR_Helena,11/30/1961,4.37,NapaR_Helena 196111
NapaR_Helena,12/31/1961,34.6,NapaR_Helena 196112
NapaR_Helena,1/31/1962,31.2,NapaR_Helena 196201
NapaR_Helena,2/28/1962,509.1,NapaR_Helena 196202
NapaR_Helena,3/31/1962,229.7,NapaR_Helena 196203
NapaR_Helena,4/30/1962,32.4,NapaR_Helena 196204
NapaR_Helena,5/31/1962,10.3,NapaR_Helena 196205
NapaR_Helena,6/30/1962,2.79,NapaR_Helena 196206
NapaR_Helena,7/31/1962,1.11,NapaR_Helena 196207
NapaR_Helena,8/31/1962,0.587,NapaR_Helena 196208
NapaR_Helena,9/30/1962,0.063,NapaR_Helena 196209
NapaR_Helena,10/31/1962,178.9,NapaR_Helena 196210
NapaR_Helena,11/30/1962,13.9,NapaR_Helena 196211
NapaR_Helena,12/31/1962,143.6,NapaR_Helena 196212
NapaR_Helena,1/31/1963,321.4,NapaR_Helena 196301
NapaR_Helena,2/28/1963,393.6,NapaR_Helena 196302
NapaR_Helena,3/31/1963,162.2,NapaR_Helena 196303
NapaR_Helena,4/30/1963,367.2,NapaR_Helena 196304
NapaR_Helena,5/31/1963,45.9,NapaR_Helena 196305
NapaR_Helena,6/30/1963,14.1,NapaR_Helena 196306
NapaR_Helena,7/31/1963,4.32,NapaR_Helena 196307
NapaR_Helena,8/31/1963,2.55,NapaR_Helena 196308
NapaR_Helena,9/30/1963,1.17,NapaR_Helena 196309
NapaR_Helena,10/31/1963,3.01,NapaR_Helena 196310
NapaR_Helena,11/30/1963,75.3,NapaR_Helena 196311
NapaR_Helena,12/31/1963,18.8,NapaR_Helena 196312
NapaR_Helena,1/31/1964,168.3,NapaR_Helena 196401
NapaR_Helena,2/29/1964,32.8,NapaR_Helena 196402
NapaR_Helena,3/31/1964,22.2,NapaR_Helena 196403
NapaR_Helena,4/30/1964,10.5,NapaR_Helena 196404
NapaR_Helena,5/31/1964,5.02,NapaR_Helena 196405
NapaR_Helena,6/30/1964,2.37,NapaR_Helena 196406
NapaR_Helena,7/31/1964,0.461,NapaR_Helena 196407
NapaR_Helena,8/31/1964,0.306,NapaR_Helena 196408
NapaR_Helena,9/30/1964,0.237,NapaR_Helena 196409
NapaR_Helena,10/31/1964,1.04,NapaR_Helena 196410
NapaR_Helena,11/30/1964,40.7,NapaR_Helena 196411
NapaR_Helena,12/31/1964,685.7,NapaR_Helena 196412
NapaR_Helena,1/31/1965,607.6,NapaR_Helena 196501
NapaR_Helena,2/28/1965,67.6,NapaR_Helena 196502
NapaR_Helena,3/31/1965,24.9,NapaR_Helena 196503
NapaR_Helena,4/30/1965,148.1,NapaR_Helena 196504
NapaR_Helena,5/31/1965,27.5,NapaR_Helena 196505
NapaR_Helena,6/30/1965,8.48,NapaR_Helena 196506
NapaR_Helena,7/31/1965,2.56,NapaR_Helena 196507
NapaR_Helena,8/31/1965,1.8,NapaR_Helena 196508
NapaR_Helena,9/30/1965,1.42,NapaR_Helena 196509
NapaR_Helena,10/31/1965,1.44,NapaR_Helena 196510
NapaR_Helena,11/30/1965,33.3,NapaR_Helena 196511
NapaR_Helena,12/31/1965,86.8,NapaR_Helena 196512
NapaR_Helena,1/31/1966,457.7,NapaR_Helena 196601
NapaR_Helena,2/28/1966,198.9,NapaR_Helena 196602
NapaR_Helena,3/31/1966,62.3,NapaR_Helena 196603
NapaR_Helena,4/30/1966,27.5,NapaR_Helena 196604
NapaR_Helena,5/31/1966,11.5,NapaR_Helena 196605
NapaR_Helena,6/30/1966,4.07,NapaR_Helena 196606
NapaR_Helena,7/31/1966,1.42,NapaR_Helena 196607
NapaR_Helena,8/31/1966,0.371,NapaR_Helena 196608
NapaR_Helena,9/30/1966,0.803,NapaR_Helena 196609
NapaR_Helena,10/31/1966,1.13,NapaR_Helena 196610
NapaR_Helena,11/30/1966,68.4,NapaR_Helena 196611
NapaR_Helena,12/31/1966,352.6,NapaR_Helena 196612
NapaR_Helena,1/31/1967,753.2,NapaR_Helena 196701
NapaR_Helena,2/28/1967,158.3,NapaR_Helena 196702
NapaR_Helena,3/31/1967,234.6,NapaR_Helena 196703
NapaR_Helena,4/30/1967,317.2,NapaR_Helena 196704
NapaR_Helena,5/31/1967,53.9,NapaR_Helena 196705
NapaR_Helena,6/30/1967,27.3,NapaR_Helena 196706
NapaR_Helena,7/31/1967,6.47,NapaR_Helena 196707
NapaR_Helena,8/31/1967,2.6,NapaR_Helena 196708
NapaR_Helena,9/30/1967,1.54,NapaR_Helena 196709
NapaR_Helena,10/31/1967,2.09,NapaR_Helena 196710
NapaR_Helena,11/30/1967,6.23,NapaR_Helena 196711
NapaR_Helena,12/31/1967,32.5,NapaR_Helena 196712
NapaR_Helena,1/31/1968,257.1,NapaR_Helena 196801
NapaR_Helena,2/29/1968,267.8,NapaR_Helena 196802
NapaR_Helena,3/31/1968,170.7,NapaR_Helena 196803
NapaR_Helena,4/30/1968,27.6,NapaR_Helena 196804
NapaR_Helena,5/31/1968,10.7,NapaR_Helena 196805
NapaR_Helena,6/30/1968,3.02,NapaR_Helena 196806
NapaR_Helena,7/31/1968,0.748,NapaR_Helena 196807
NapaR_Helena,8/31/1968,1.63,NapaR_Helena 196808
NapaR_Helena,9/30/1968,1.13,NapaR_Helena 196809
NapaR_Helena,10/31/1968,1.77,NapaR_Helena 196810
NapaR_Helena,11/30/1968,4.59,NapaR_Helena 196811
NapaR_Helena,12/31/1968,239.1,NapaR_Helena 196812
NapaR_Helena,1/31/1969,905.7,NapaR_Helena 196901
NapaR_Helena,2/28/1969,696.6,NapaR_Helena 196902
NapaR_Helena,3/31/1969,192.6,NapaR_Helena 196903
NapaR_Helena,4/30/1969,52.3,NapaR_Helena 196904
NapaR_Helena,5/31/1969,19.1,NapaR_Helena 196905
NapaR_Helena,6/30/1969,7.43,NapaR_Helena 196906
NapaR_Helena,7/31/1969,2.91,NapaR_Helena 196907
NapaR_Helena,8/31/1969,2.09,NapaR_Helena 196908
NapaR_Helena,9/30/1969,1.31,NapaR_Helena 196909
NapaR_Helena,10/31/1969,3.94,NapaR_Helena 196910
NapaR_Helena,11/30/1969,4.76,NapaR_Helena 196911
NapaR_Helena,12/31/1969,354,NapaR_Helena 196912
NapaR_Helena,1/31/1970,1338,NapaR_Helena 197001
NapaR_Helena,2/28/1970,240.8,NapaR_Helena 197002
NapaR_Helena,3/31/1970,174.7,NapaR_Helena 197003
NapaR_Helena,4/30/1970,24,NapaR_Helena 197004
NapaR_Helena,5/31/1970,10.5,NapaR_Helena 197005
NapaR_Helena,6/30/1970,4.44,NapaR_Helena 197006
NapaR_Helena,7/31/1970,2.31,NapaR_Helena 197007
NapaR_Helena,8/31/1970,1.07,NapaR_Helena 197008
NapaR_Helena,9/30/1970,1.18,NapaR_Helena 197009
NapaR_Helena,10/31/1970,2.63,NapaR_Helena 197010
NapaR_Helena,11/30/1970,174.5,NapaR_Helena 197011
NapaR_Helena,12/31/1970,737.2,NapaR_Helena 197012
NapaR_Helena,1/31/1971,298.3,NapaR_Helena 197101
NapaR_Helena,2/28/1971,50.1,NapaR_Helena 197102
NapaR_Helena,3/31/1971,132.6,NapaR_Helena 197103
NapaR_Helena,4/30/1971,47.9,NapaR_Helena 197104
NapaR_Helena,5/31/1971,18,NapaR_Helena 197105
NapaR_Helena,6/30/1971,7.23,NapaR_Helena 197106
NapaR_Helena,7/31/1971,2.41,NapaR_Helena 197107
NapaR_Helena,8/31/1971,1.24,NapaR_Helena 197108
NapaR_Helena,9/30/1971,0.731,NapaR_Helena 197109
NapaR_Helena,10/31/1971,0.726,NapaR_Helena 197110
NapaR_Helena,11/30/1971,3.04,NapaR_Helena 197111
NapaR_Helena,12/31/1971,47.9,NapaR_Helena 197112
NapaR_Helena,1/31/1972,53.3,NapaR_Helena 197201
NapaR_Helena,2/29/1972,98.4,NapaR_Helena 197202
NapaR_Helena,3/31/1972,38.5,NapaR_Helena 197203
NapaR_Helena,4/30/1972,20.8,NapaR_Helena 197204
NapaR_Helena,5/31/1972,9.11,NapaR_Helena 197205
NapaR_Helena,6/30/1972,3.18,NapaR_Helena 197206
NapaR_Helena,7/31/1972,1.13,NapaR_Helena 197207
NapaR_Helena,8/31/1972,0.325,NapaR_Helena 197208
NapaR_Helena,9/30/1972,0.52,NapaR_Helena 197209
NapaR_Helena,10/31/1972,7.14,NapaR_Helena 197210
NapaR_Helena,11/30/1972,64.4,NapaR_Helena 197211
NapaR_Helena,12/31/1972,104,NapaR_Helena 197212
NapaR_Helena,1/31/1973,690.9,NapaR_Helena 197301
NapaR_Helena,2/28/1973,470.6,NapaR_Helena 197302
NapaR_Helena,3/31/1973,205.6,NapaR_Helena 197303
NapaR_Helena,4/30/1973,39.1,NapaR_Helena 197304
NapaR_Helena,5/31/1973,13.9,NapaR_Helena 197305
NapaR_Helena,6/30/1973,5.95,NapaR_Helena 197306
NapaR_Helena,7/31/1973,2.44,NapaR_Helena 197307
NapaR_Helena,8/31/1973,0.767,NapaR_Helena 197308
NapaR_Helena,9/30/1973,1.07,NapaR_Helena 197309
NapaR_Helena,10/31/1973,8.48,NapaR_Helena 197310
NapaR_Helena,11/30/1973,414.5,NapaR_Helena 197311
NapaR_Helena,12/31/1973,279.6,NapaR_Helena 197312
NapaR_Helena,1/31/1974,474.8,NapaR_Helena 197401
NapaR_Helena,2/28/1974,158.9,NapaR_Helena 197402
NapaR_Helena,3/31/1974,556.4,NapaR_Helena 197403
NapaR_Helena,4/30/1974,219.5,NapaR_Helena 197404
NapaR_Helena,5/31/1974,24.6,NapaR_Helena 197405
NapaR_Helena,6/30/1974,10.1,NapaR_Helena 197406
NapaR_Helena,7/31/1974,5.75,NapaR_Helena 197407
NapaR_Helena,8/31/1974,3.1,NapaR_Helena 197408
NapaR_Helena,9/30/1974,2.92,NapaR_Helena 197409
NapaR_Helena,10/31/1974,2.99,NapaR_Helena 197410
NapaR_Helena,11/30/1974,3.84,NapaR_Helena 197411
NapaR_Helena,12/31/1974,16.3,NapaR_Helena 197412
NapaR_Helena,1/31/1975,25.5,NapaR_Helena 197501
NapaR_Helena,2/28/1975,541.7,NapaR_Helena 197502
NapaR_Helena,3/31/1975,486.9,NapaR_Helena 197503
NapaR_Helena,4/30/1975,79.6,NapaR_Helena 197504
NapaR_Helena,5/31/1975,24.4,NapaR_Helena 197505
NapaR_Helena,6/30/1975,8.08,NapaR_Helena 197506
NapaR_Helena,7/31/1975,3.88,NapaR_Helena 197507
NapaR_Helena,8/31/1975,1.84,NapaR_Helena 197508
NapaR_Helena,9/30/1975,1.9,NapaR_Helena 197509
NapaR_Helena,10/31/1975,5.68,NapaR_Helena 197510
NapaR_Helena,11/30/1975,7.78,NapaR_Helena 197511
NapaR_Helena,12/31/1975,6.37,NapaR_Helena 197512
NapaR_Helena,1/31/1976,6.45,NapaR_Helena 197601
NapaR_Helena,2/29/1976,7.53,NapaR_Helena 197602
NapaR_Helena,3/31/1976,10.3,NapaR_Helena 197603
NapaR_Helena,4/30/1976,11.4,NapaR_Helena 197604
NapaR_Helena,5/31/1976,3.49,NapaR_Helena 197605
NapaR_Helena,6/30/1976,1.17,NapaR_Helena 197606
NapaR_Helena,7/31/1976,0.013,NapaR_Helena 197607
NapaR_Helena,8/31/1976,0.007,NapaR_Helena 197608
NapaR_Helena,9/30/1976,0.213,NapaR_Helena 197609
NapaR_Helena,10/31/1976,0.491,NapaR_Helena 197610
NapaR_Helena,11/30/1976,1.74,NapaR_Helena 197611
NapaR_Helena,12/31/1976,2.43,NapaR_Helena 197612
NapaR_Helena,1/31/1977,3.73,NapaR_Helena 197701
NapaR_Helena,2/28/1977,4.34,NapaR_Helena 197702
NapaR_Helena,3/31/1977,7.45,NapaR_Helena 197703
NapaR_Helena,4/30/1977,1.81,NapaR_Helena 197704
NapaR_Helena,5/31/1977,0.89,NapaR_Helena 197705
NapaR_Helena,6/30/1977,0.081,NapaR_Helena 197706
NapaR_Helena,7/31/1977,0,NapaR_Helena 197707
NapaR_Helena,8/31/1977,0,NapaR_Helena 197708
NapaR_Helena,9/30/1977,0,NapaR_Helena 197709
NapaR_Helena,10/31/1977,0,NapaR_Helena 197710
NapaR_Helena,11/30/1977,39.9,NapaR_Helena 197711
NapaR_Helena,12/31/1977,145.7,NapaR_Helena 197712
NapaR_Helena,1/31/1978,755.5,NapaR_Helena 197801
NapaR_Helena,2/28/1978,429.3,NapaR_Helena 197802
NapaR_Helena,3/31/1978,294.1,NapaR_Helena 197803
NapaR_Helena,4/30/1978,90.5,NapaR_Helena 197804
NapaR_Helena,5/31/1978,26.2,NapaR_Helena 197805
NapaR_Helena,6/30/1978,8.29,NapaR_Helena 197806
NapaR_Helena,7/31/1978,2.82,NapaR_Helena 197807
NapaR_Helena,8/31/1978,1.4,NapaR_Helena 197808
NapaR_Helena,9/30/1978,1.34,NapaR_Helena 197809
NapaR_Helena,10/31/1978,1.12,NapaR_Helena 197810
NapaR_Helena,11/30/1978,2.06,NapaR_Helena 197811
NapaR_Helena,12/31/1978,2.35,NapaR_Helena 197812
NapaR_Helena,1/31/1979,124.5,NapaR_Helena 197901
NapaR_Helena,2/28/1979,343.2,NapaR_Helena 197902
NapaR_Helena,3/31/1979,137.3,NapaR_Helena 197903
NapaR_Helena,4/30/1979,53.9,NapaR_Helena 197904
NapaR_Helena,5/31/1979,30.6,NapaR_Helena 197905
NapaR_Helena,6/30/1979,7.07,NapaR_Helena 197906
NapaR_Helena,7/31/1979,2.65,NapaR_Helena 197907
NapaR_Helena,8/31/1979,1.37,NapaR_Helena 197908
NapaR_Helena,9/30/1979,0.656,NapaR_Helena 197909
NapaR_Helena,10/31/1979,7.16,NapaR_Helena 197910
NapaR_Helena,11/30/1979,14.2,NapaR_Helena 197911
NapaR_Helena,12/31/1979,124,NapaR_Helena 197912
NapaR_Helena,1/31/1980,564.1,NapaR_Helena 198001
NapaR_Helena,2/29/1980,619.2,NapaR_Helena 198002
NapaR_Helena,3/31/1980,179.6,NapaR_Helena 198003
NapaR_Helena,4/30/1980,40.9,NapaR_Helena 198004
NapaR_Helena,5/31/1980,17.2,NapaR_Helena 198005
NapaR_Helena,6/30/1980,6.53,NapaR_Helena 198006
NapaR_Helena,7/31/1980,2.2,NapaR_Helena 198007
NapaR_Helena,8/31/1980,1.06,NapaR_Helena 198008
NapaR_Helena,9/30/1980,0.839,NapaR_Helena 198009
NapaR_Helena,10/31/1980,1.04,NapaR_Helena 198010
NapaR_Helena,11/30/1980,1.76,NapaR_Helena 198011
NapaR_Helena,12/31/1980,50.6,NapaR_Helena 198012
NapaR_Helena,1/31/1981,232.6,NapaR_Helena 198101
NapaR_Helena,2/28/1981,111.6,NapaR_Helena 198102
NapaR_Helena,3/31/1981,120.1,NapaR_Helena 198103
NapaR_Helena,4/30/1981,40.5,NapaR_Helena 198104
NapaR_Helena,5/31/1981,12.6,NapaR_Helena 198105
NapaR_Helena,6/30/1981,2.95,NapaR_Helena 198106
NapaR_Helena,7/31/1981,0.755,NapaR_Helena 198107
NapaR_Helena,8/31/1981,0.806,NapaR_Helena 198108
NapaR_Helena,9/30/1981,0.444,NapaR_Helena 198109
NapaR_Helena,10/31/1981,3.17,NapaR_Helena 198110
NapaR_Helena,11/30/1981,222.5,NapaR_Helena 198111
NapaR_Helena,12/31/1981,598.4,NapaR_Helena 198112
NapaR_Helena,1/31/1982,477.7,NapaR_Helena 198201
NapaR_Helena,2/28/1982,444.1,NapaR_Helena 198202
NapaR_Helena,3/31/1982,329.4,NapaR_Helena 198203
NapaR_Helena,4/30/1982,583.9,NapaR_Helena 198204
NapaR_Helena,5/31/1982,38.8,NapaR_Helena 198205
NapaR_Helena,6/30/1982,14.4,NapaR_Helena 198206
NapaR_Helena,7/31/1982,5.85,NapaR_Helena 198207
NapaR_Helena,8/31/1982,2.81,NapaR_Helena 198208
NapaR_Helena,9/30/1982,6.44,NapaR_Helena 198209
NapaR_Helena,10/31/1982,8.62,NapaR_Helena 198210
NapaR_Helena,11/30/1982,155.7,NapaR_Helena 198211
NapaR_Helena,12/31/1982,283,NapaR_Helena 198212
NapaR_Helena,1/31/1983,540.6,NapaR_Helena 198301
NapaR_Helena,2/28/1983,867.4,NapaR_Helena 198302
NapaR_Helena,3/31/1983,1144,NapaR_Helena 198303
NapaR_Helena,4/30/1983,145.8,NapaR_Helena 198304
NapaR_Helena,5/31/1983,93,NapaR_Helena 198305
NapaR_Helena,6/30/1983,19.5,NapaR_Helena 198306
NapaR_Helena,7/31/1983,7.33,NapaR_Helena 198307
NapaR_Helena,8/31/1983,3.43,NapaR_Helena 198308
NapaR_Helena,9/30/1983,2.35,NapaR_Helena 198309
NapaR_Helena,10/31/1983,3.43,NapaR_Helena 198310
NapaR_Helena,11/30/1983,297.8,NapaR_Helena 198311
NapaR_Helena,12/31/1983,757.9,NapaR_Helena 198312
NapaR_Helena,1/31/1984,121.7,NapaR_Helena 198401
NapaR_Helena,2/29/1984,85.9,NapaR_Helena 198402
NapaR_Helena,3/31/1984,84.8,NapaR_Helena 198403
NapaR_Helena,4/30/1984,32.9,NapaR_Helena 198404
NapaR_Helena,5/31/1984,13.4,NapaR_Helena 198405
NapaR_Helena,6/30/1984,7.29,NapaR_Helena 198406
NapaR_Helena,7/31/1984,2.83,NapaR_Helena 198407
NapaR_Helena,8/31/1984,3.45,NapaR_Helena 198408
NapaR_Helena,9/30/1984,1.08,NapaR_Helena 198409
NapaR_Helena,10/31/1984,3.14,NapaR_Helena 198410
NapaR_Helena,11/30/1984,125,NapaR_Helena 198411
NapaR_Helena,12/31/1984,70.1,NapaR_Helena 198412
NapaR_Helena,1/31/1985,42.5,NapaR_Helena 198501
NapaR_Helena,2/28/1985,219,NapaR_Helena 198502
NapaR_Helena,3/31/1985,100.9,NapaR_Helena 198503
NapaR_Helena,4/30/1985,45.9,NapaR_Helena 198504
NapaR_Helena,5/31/1985,13,NapaR_Helena 198505
NapaR_Helena,6/30/1985,6.28,NapaR_Helena 198506
NapaR_Helena,7/31/1985,0.745,NapaR_Helena 198507
NapaR_Helena,8/31/1985,0.984,NapaR_Helena 198508
NapaR_Helena,9/30/1985,1.67,NapaR_Helena 198509
NapaR_Helena,10/31/1985,1.67,NapaR_Helena 198510
NapaR_Helena,11/30/1985,6.4,NapaR_Helena 198511
NapaR_Helena,12/31/1985,30.6,NapaR_Helena 198512
NapaR_Helena,1/31/1986,136,NapaR_Helena 198601
NapaR_Helena,2/28/1986,1798,NapaR_Helena 198602
NapaR_Helena,3/31/1986,442.5,NapaR_Helena 198603
NapaR_Helena,4/30/1986,44.8,NapaR_Helena 198604
NapaR_Helena,5/31/1986,19.9,NapaR_Helena 198605
NapaR_Helena,6/30/1986,7.72,NapaR_Helena 198606
NapaR_Helena,7/31/1986,3.55,NapaR_Helena 198607
NapaR_Helena,8/31/1986,1.57,NapaR_Helena 198608
NapaR_Helena,9/30/1986,2.71,NapaR_Helena 198609
NapaR_Helena,10/31/1986,2.18,NapaR_Helena 198610
NapaR_Helena,11/30/1986,2.22,NapaR_Helena 198611
NapaR_Helena,12/31/1986,3.7,NapaR_Helena 198612
NapaR_Helena,1/31/1987,14,NapaR_Helena 198701
NapaR_Helena,2/28/1987,117.3,NapaR_Helena 198702
NapaR_Helena,3/31/1987,136.3,NapaR_Helena 198703
NapaR_Helena,4/30/1987,24.3,NapaR_Helena 198704
NapaR_Helena,5/31/1987,7.92,NapaR_Helena 198705
NapaR_Helena,6/30/1987,2.76,NapaR_Helena 198706
NapaR_Helena,7/31/1987,0.796,NapaR_Helena 198707
NapaR_Helena,8/31/1987,0.395,NapaR_Helena 198708
NapaR_Helena,9/30/1987,0.199,NapaR_Helena 198709
NapaR_Helena,10/31/1987,0.805,NapaR_Helena 198710
NapaR_Helena,11/30/1987,4.26,NapaR_Helena 198711
NapaR_Helena,12/31/1987,151.7,NapaR_Helena 198712
NapaR_Helena,1/31/1988,253.3,NapaR_Helena 198801
NapaR_Helena,2/29/1988,39.2,NapaR_Helena 198802
NapaR_Helena,3/31/1988,14.1,NapaR_Helena 198803
NapaR_Helena,4/30/1988,12.1,NapaR_Helena 198804
NapaR_Helena,5/31/1988,9.12,NapaR_Helena 198805
NapaR_Helena,6/30/1988,4.86,NapaR_Helena 198806
NapaR_Helena,7/31/1988,1.05,NapaR_Helena 198807
NapaR_Helena,8/31/1988,0.536,NapaR_Helena 198808
NapaR_Helena,9/30/1988,0.378,NapaR_Helena 198809
NapaR_Helena,10/31/1988,0.459,NapaR_Helena 198810
NapaR_Helena,11/30/1988,21.6,NapaR_Helena 198811
NapaR_Helena,12/31/1988,33.2,NapaR_Helena 198812
NapaR_Helena,1/31/1989,24.3,NapaR_Helena 198901
NapaR_Helena,2/28/1989,12.5,NapaR_Helena 198902
NapaR_Helena,3/31/1989,378.4,NapaR_Helena 198903
NapaR_Helena,4/30/1989,42.1,NapaR_Helena 198904
NapaR_Helena,5/31/1989,13.9,NapaR_Helena 198905
NapaR_Helena,6/30/1989,5.64,NapaR_Helena 198906
NapaR_Helena,7/31/1989,1.52,NapaR_Helena 198907
NapaR_Helena,8/31/1989,0.579,NapaR_Helena 198908
NapaR_Helena,9/30/1989,0.773,NapaR_Helena 198909
NapaR_Helena,10/31/1989,6.58,NapaR_Helena 198910
NapaR_Helena,11/30/1989,8.2,NapaR_Helena 198911
NapaR_Helena,12/31/1989,4.69,NapaR_Helena 198912
NapaR_Helena,1/31/1990,72.8,NapaR_Helena 199001
NapaR_Helena,2/28/1990,98.3,NapaR_Helena 199002
NapaR_Helena,3/31/1990,38,NapaR_Helena 199003
NapaR_Helena,4/30/1990,12.8,NapaR_Helena 199004
NapaR_Helena,5/31/1990,27.1,NapaR_Helena 199005
NapaR_Helena,6/30/1990,14.1,NapaR_Helena 199006
NapaR_Helena,7/31/1990,3.21,NapaR_Helena 199007
NapaR_Helena,8/31/1990,0.88,NapaR_Helena 199008
NapaR_Helena,9/30/1990,0.493,NapaR_Helena 199009
NapaR_Helena,10/31/1990,0.799,NapaR_Helena 199010
NapaR_Helena,11/30/1990,1.55,NapaR_Helena 199011
NapaR_Helena,12/31/1990,2.24,NapaR_Helena 199012
NapaR_Helena,1/31/1991,2.17,NapaR_Helena 199101
NapaR_Helena,2/28/1991,8.55,NapaR_Helena 199102
NapaR_Helena,3/31/1991,484.8,NapaR_Helena 199103
NapaR_Helena,4/30/1991,46.7,NapaR_Helena 199104
NapaR_Helena,5/31/1991,15.5,NapaR_Helena 199105
NapaR_Helena,6/30/1991,4.66,NapaR_Helena 199106
NapaR_Helena,7/31/1991,1.98,NapaR_Helena 199107
NapaR_Helena,8/31/1991,0.725,NapaR_Helena 199108
NapaR_Helena,9/30/1991,0.338,NapaR_Helena 199109
NapaR_Helena,10/31/1991,1.12,NapaR_Helena 199110
NapaR_Helena,11/30/1991,1.99,NapaR_Helena 199111
NapaR_Helena,12/31/1991,5.51,NapaR_Helena 199112
NapaR_Helena,1/31/1992,9.25,NapaR_Helena 199201
NapaR_Helena,2/29/1992,229.7,NapaR_Helena 199202
NapaR_Helena,3/31/1992,136.8,NapaR_Helena 199203
NapaR_Helena,4/30/1992,33.6,NapaR_Helena 199204
NapaR_Helena,5/31/1992,11.9,NapaR_Helena 199205
NapaR_Helena,6/30/1992,4.24,NapaR_Helena 199206
NapaR_Helena,7/31/1992,1.88,NapaR_Helena 199207
NapaR_Helena,8/31/1992,0.448,NapaR_Helena 199208
NapaR_Helena,9/30/1992,0.19,NapaR_Helena 199209
NapaR_Helena,10/31/1992,2.02,NapaR_Helena 199210
NapaR_Helena,11/30/1992,2.18,NapaR_Helena 199211
NapaR_Helena,12/31/1992,135.2,NapaR_Helena 199212
NapaR_Helena,1/31/1993,779.9,NapaR_Helena 199301
NapaR_Helena,2/28/1993,398.4,NapaR_Helena 199302
NapaR_Helena,3/31/1993,105.8,NapaR_Helena 199303
NapaR_Helena,4/30/1993,48.3,NapaR_Helena 199304
NapaR_Helena,5/31/1993,21.1,NapaR_Helena 199305
NapaR_Helena,6/30/1993,15.6,NapaR_Helena 199306
NapaR_Helena,7/31/1993,3.29,NapaR_Helena 199307
NapaR_Helena,8/31/1993,0.965,NapaR_Helena 199308
NapaR_Helena,9/30/1993,0.411,NapaR_Helena 199309
NapaR_Helena,10/31/1993,0.488,NapaR_Helena 199310
NapaR_Helena,11/30/1993,3.05,NapaR_Helena 199311
NapaR_Helena,12/31/1993,42.3,NapaR_Helena 199312
NapaR_Helena,1/31/1994,35.3,NapaR_Helena 199401
NapaR_Helena,2/28/1994,144.2,NapaR_Helena 199402
NapaR_Helena,3/31/1994,31.2,NapaR_Helena 199403
NapaR_Helena,4/30/1994,14.1,NapaR_Helena 199404
NapaR_Helena,5/31/1994,8.79,NapaR_Helena 199405
NapaR_Helena,6/30/1994,2.86,NapaR_Helena 199406
NapaR_Helena,7/31/1994,0.532,NapaR_Helena 199407
NapaR_Helena,8/31/1994,0.231,NapaR_Helena 199408
NapaR_Helena,9/30/1994,0.051,NapaR_Helena 199409
NapaR_Helena,10/31/1994,0.071,NapaR_Helena 199410
NapaR_Helena,11/30/1994,10.6,NapaR_Helena 199411
NapaR_Helena,12/31/1994,48.1,NapaR_Helena 199412
NapaR_Helena,1/31/1995,1186,NapaR_Helena 199501
NapaR_Helena,2/28/1995,148.3,NapaR_Helena 199502
NapaR_Helena,3/31/1995,929.4,NapaR_Helena 199503
NapaR_Helena,4/30/1995,108.3,NapaR_Helena 199504
NapaR_Helena,5/31/1995,104.7,NapaR_Helena 199505
NapaR_Helena,6/30/1995,20,NapaR_Helena 199506
NapaR_Helena,6/30/2000,7.68,NapaR_Helena 200006
NapaR_Helena,7/31/2000,2.92,NapaR_Helena 200007
NapaR_Helena,8/31/2000,0.782,NapaR_Helena 200008
NapaR_Helena,9/30/2000,0.444,NapaR_Helena 200009
NapaR_Helena,10/31/2000,3.51,NapaR_Helena 200010
NapaR_Helena,11/30/2000,5.01,NapaR_Helena 200011
NapaR_Helena,12/31/2000,5.43,NapaR_Helena 200012
NapaR_Helena,1/31/2001,48.6,NapaR_Helena 200101
NapaR_Helena,2/28/2001,229.8,NapaR_Helena 200102
NapaR_Helena,3/31/2001,164.4,NapaR_Helena 200103
NapaR_Helena,4/30/2001,20.8,NapaR_Helena 200104
NapaR_Helena,5/31/2001,8.27,NapaR_Helena 200105
NapaR_Helena,6/30/2001,1.97,NapaR_Helena 200106
NapaR_Helena,7/31/2001,0.468,NapaR_Helena 200107
NapaR_Helena,8/31/2001,0.402,NapaR_Helena 200108
NapaR_Helena,9/30/2001,0.214,NapaR_Helena 200109
NapaR_Helena,10/31/2001,0.176,NapaR_Helena 200110
NapaR_Helena,11/30/2001,38.3,NapaR_Helena 200111
NapaR_Helena,12/31/2001,481.6,NapaR_Helena 200112
NapaR_Helena,1/31/2002,332.5,NapaR_Helena 200201
NapaR_Helena,2/28/2002,79.2,NapaR_Helena 200202
NapaR_Helena,3/31/2002,97.9,NapaR_Helena 200203
NapaR_Helena,4/30/2002,31.4,NapaR_Helena 200204
NapaR_Helena,5/31/2002,13.9,NapaR_Helena 200205
NapaR_Helena,6/30/2002,3.85,NapaR_Helena 200206
NapaR_Helena,7/31/2002,0.838,NapaR_Helena 200207
NapaR_Helena,8/31/2002,0.313,NapaR_Helena 200208
NapaR_Helena,9/30/2002,0.31,NapaR_Helena 200209
NapaR_Helena,10/31/2002,0.126,NapaR_Helena 200210
NapaR_Helena,11/30/2002,4.25,NapaR_Helena 200211
NapaR_Helena,12/31/2002,792.5,NapaR_Helena 200212
NapaR_Helena,1/31/2003,355.5,NapaR_Helena 200301
NapaR_Helena,2/28/2003,115.3,NapaR_Helena 200302
NapaR_Helena,3/31/2003,121,NapaR_Helena 200303
NapaR_Helena,4/30/2003,135.2,NapaR_Helena 200304
NapaR_Helena,5/31/2003,126.2,NapaR_Helena 200305
NapaR_Helena,6/30/2003,18.6,NapaR_Helena 200306
NapaR_Helena,7/31/2003,4.9,NapaR_Helena 200307
NapaR_Helena,8/31/2003,1.53,NapaR_Helena 200308
NapaR_Helena,9/30/2003,0.525,NapaR_Helena 200309
NapaR_Helena,10/31/2003,0.34,NapaR_Helena 200310
NapaR_Helena,11/30/2003,3.96,NapaR_Helena 200311
NapaR_Helena,12/31/2003,306,NapaR_Helena 200312
NapaR_Helena,1/31/2004,222.4,NapaR_Helena 200401
NapaR_Helena,2/29/2004,615.4,NapaR_Helena 200402
NapaR_Helena,3/31/2004,106.3,NapaR_Helena 200403
NapaR_Helena,4/30/2004,29.5,NapaR_Helena 200404
NapaR_Helena,5/31/2004,12.7,NapaR_Helena 200405
NapaR_Helena,6/30/2004,3.59,NapaR_Helena 200406
NapaR_Helena,7/31/2004,1.16,NapaR_Helena 200407
NapaR_Helena,8/31/2004,0.376,NapaR_Helena 200408
NapaR_Helena,9/30/2004,0.169,NapaR_Helena 200409
NapaR_Helena,10/31/2004,3.31,NapaR_Helena 200410
NapaR_Helena,11/30/2004,7.54,NapaR_Helena 200411
NapaR_Helena,12/31/2004,236.1,NapaR_Helena 200412
NapaR_Helena,1/31/2005,286.5,NapaR_Helena 200501
NapaR_Helena,2/28/2005,144.6,NapaR_Helena 200502
NapaR_Helena,3/31/2005,281.2,NapaR_Helena 200503
NapaR_Helena,4/30/2005,79,NapaR_Helena 200504
NapaR_Helena,5/31/2005,130.9,NapaR_Helena 200505
NapaR_Helena,6/30/2005,28.2,NapaR_Helena 200506
NapaR_Helena,7/31/2005,7.12,NapaR_Helena 200507
NapaR_Helena,8/31/2005,1.45,NapaR_Helena 200508
NapaR_Helena,9/30/2005,0.603,NapaR_Helena 200509
NapaR_Helena,10/31/2005,1.02,NapaR_Helena 200510
NapaR_Helena,11/30/2005,3.34,NapaR_Helena 200511
NapaR_Helena,12/31/2005,680.1,NapaR_Helena 200512
NapaR_Helena,1/31/2006,399.7,NapaR_Helena 200601
NapaR_Helena,2/28/2006,242.3,NapaR_Helena 200602
NapaR_Helena,3/31/2006,521.1,NapaR_Helena 200603
NapaR_Helena,4/30/2006,441.2,NapaR_Helena 200604
NapaR_Helena,5/31/2006,46.2,NapaR_Helena 200605
NapaR_Helena,6/30/2006,13.6,NapaR_Helena 200606
NapaR_Helena,7/31/2006,4,NapaR_Helena 200607
NapaR_Helena,8/31/2006,1.11,NapaR_Helena 200608
NapaR_Helena,9/30/2006,0.296,NapaR_Helena 200609
NapaR_Helena,10/31/2006,0.449,NapaR_Helena 200610
NapaR_Helena,11/30/2006,3.95,NapaR_Helena 200611
NapaR_Helena,12/31/2006,42.4,NapaR_Helena 200612
NapaR_Helena,1/31/2007,15.7,NapaR_Helena 200701
NapaR_Helena,2/28/2007,210.9,NapaR_Helena 200702
NapaR_Helena,3/31/2007,58,NapaR_Helena 200703
NapaR_Helena,4/30/2007,16.4,NapaR_Helena 200704
NapaR_Helena,5/31/2007,6.32,NapaR_Helena 200705
NapaR_Helena,6/30/2007,1.38,NapaR_Helena 200706
NapaR_Helena,7/31/2007,0.018,NapaR_Helena 200707
NapaR_Helena,8/31/2007,0,NapaR_Helena 200708
NapaR_Helena,9/30/2007,0,NapaR_Helena 200709
NapaR_Helena,10/31/2007,0.286,NapaR_Helena 200710
NapaR_Helena,11/30/2007,1.04,NapaR_Helena 200711
NapaR_Helena,12/31/2007,32.3,NapaR_Helena 200712
NapaR_Helena,1/31/2008,363.3,NapaR_Helena 200801
NapaR_Helena,2/29/2008,262.4,NapaR_Helena 200802
NapaR_Helena,3/31/2008,42.9,NapaR_Helena 200803
NapaR_Helena,4/30/2008,13.4,NapaR_Helena 200804
NapaR_Helena,5/31/2008,6.21,NapaR_Helena 200805
NapaR_Helena,6/30/2008,1.31,NapaR_Helena 200806
NapaR_Helena,7/31/2008,0.047,NapaR_Helena 200807
NapaR_Helena,8/31/2008,0,NapaR_Helena 200808
NapaR_Helena,9/30/2008,0,NapaR_Helena 200809
NapaR_Helena,10/31/2008,0,NapaR_Helena 200810
NapaR_Helena,11/30/2008,2.56,NapaR_Helena 200811
NapaR_Helena,12/31/2008,9.6,NapaR_Helena 200812
NapaR_Helena,1/31/2009,5.71,NapaR_Helena 200901
NapaR_Helena,2/28/2009,284.7,NapaR_Helena 200902
NapaR_Helena,3/31/2009,195,NapaR_Helena 200903
NapaR_Helena,4/30/2009,8.44,NapaR_Helena 200904
NapaR_Helena,5/31/2009,21.7,NapaR_Helena 200905
NapaR_Helena,6/30/2009,2.88,NapaR_Helena 200906
NapaR_Helena,7/31/2009,0.616,NapaR_Helena 200907
NapaR_Helena,8/31/2009,0,NapaR_Helena 200908
NapaR_Helena,9/30/2009,0,NapaR_Helena 200909
NapaR_Helena,10/31/2009,3.25,NapaR_Helena 200910
NapaR_Helena,11/30/2009,1.25,NapaR_Helena 200911
NapaR_Helena,12/31/2009,9.36,NapaR_Helena 200912
NapaR_Helena,1/31/2010,384.8,NapaR_Helena 201001
NapaR_Helena,2/28/2010,213.2,NapaR_Helena 201002
NapaR_Helena,3/31/2010,181,NapaR_Helena 201003
NapaR_Helena,4/30/2010,219.6,NapaR_Helena 201004
NapaR_Helena,5/31/2010,35,NapaR_Helena 201005
NapaR_Helena,6/30/2010,11.4,NapaR_Helena 201006
NapaR_Helena,7/31/2010,3.13,NapaR_Helena 201007
NapaR_Helena,8/31/2010,1.08,NapaR_Helena 201008
NapaR_Helena,9/30/2010,0.057,NapaR_Helena 201009
NapaR_Helena,10/31/2010,13.8,NapaR_Helena 201010
NapaR_Helena,11/30/2010,16.6,NapaR_Helena 201011
NapaR_Helena,12/31/2010,293.1,NapaR_Helena 201012
NapaR_Helena,1/31/2011,103.8,NapaR_Helena 201101
NapaR_Helena,2/28/2011,274.6,NapaR_Helena 201102
NapaR_Helena,3/31/2011,706,NapaR_Helena 201103
NapaR_Helena,4/30/2011,77.1,NapaR_Helena 201104
NapaR_Helena,5/31/2011,24.6,NapaR_Helena 201105
NapaR_Helena,6/30/2011,21.8,NapaR_Helena 201106
NapaR_Helena,7/31/2011,5.95,NapaR_Helena 201107
NapaR_Helena,8/31/2011,1.69,NapaR_Helena 201108
NapaR_Helena,9/30/2011,0.179,NapaR_Helena 201109
NapaR_Helena,10/31/2011,1.81,NapaR_Helena 201110
NapaR_Helena,11/30/2011,2.75,NapaR_Helena 201111
NapaR_Helena,12/31/2011,3.24,NapaR_Helena 201112
NapaR_Helena,1/31/2012,70.1,NapaR_Helena 201201
NapaR_Helena,2/29/2012,12.3,NapaR_Helena 201202
NapaR_Helena,3/31/2012,339.8,NapaR_Helena 201203
NapaR_Helena,4/30/2012,147.5,NapaR_Helena 201204
NapaR_Helena,5/31/2012,18.9,NapaR_Helena 201205
NapaR_Helena,6/30/2012,4.84,NapaR_Helena 201206
NapaR_Helena,7/31/2012,1.49,NapaR_Helena 201207
NapaR_Helena,8/31/2012,0.121,NapaR_Helena 201208
NapaR_Helena,9/30/2012,0,NapaR_Helena 201209
NapaR_Helena,10/31/2012,0.311,NapaR_Helena 201210
NapaR_Helena,11/30/2012,93.1,NapaR_Helena 201211
NapaR_Helena,12/31/2012,614.7,NapaR_Helena 201212
NapaR_Helena,1/31/2013,65.1,NapaR_Helena 201301
NapaR_Helena,2/28/2013,21.5,NapaR_Helena 201302
NapaR_Helena,3/31/2013,12.6,NapaR_Helena 201303
NapaR_Helena,4/30/2013,11.3,NapaR_Helena 201304
NapaR_Helena,5/31/2013,3.88,NapaR_Helena 201305
NapaR_Helena,6/30/2013,1.7,NapaR_Helena 201306
NapaR_Helena,7/31/2013,0.081,NapaR_Helena 201307
NapaR_Helena,8/31/2013,0,NapaR_Helena 201308
NapaR_Helena,9/30/2013,0,NapaR_Helena 201309
NapaR_Helena,10/31/2013,0,NapaR_Helena 201310
NapaR_Helena,11/30/2013,0,NapaR_Helena 201311
NapaR_Helena,12/31/2013,0.274,NapaR_Helena 201312
NapaR_Helena,1/31/2014,1.25,NapaR_Helena 201401
NapaR_Helena,2/28/2014,128.2,NapaR_Helena 201402
NapaR_Helena,3/31/2014,76.3,NapaR_Helena 201403
NapaR_Helena,4/30/2014,111.3,NapaR_Helena 201404
NapaR_Helena,5/31/2014,10.4,NapaR_Helena 201405
NapaR_Helena,6/30/2014,1.82,NapaR_Helena 201406
NapaR_Helena,7/31/2014,0,NapaR_Helena 201407
NapaR_Helena,8/31/2014,0,NapaR_Helena 201408
NapaR_Helena,9/30/2014,0,NapaR_Helena 201409
NapaR_Helena,10/31/2014,0,NapaR_Helena 201410
NapaR_Helena,11/30/2014,0.589,NapaR_Helena 201411
NapaR_Helena,12/31/2014,357.8,NapaR_Helena 201412
NapaR_Helena,1/31/2015,24.5,NapaR_Helena 201501
NapaR_Helena,2/28/2015,147.2,NapaR_Helena 201502
NapaR_Helena,3/31/2015,19.9,NapaR_Helena 201503
NapaR_Helena,4/30/2015,9.83,NapaR_Helena 201504
NapaR_Helena,5/31/2015,3.27,NapaR_Helena 201505
NapaR_Helena,6/30/2015,1.35,NapaR_Helena 201506
NapaR_Helena,7/31/2015,0.011,NapaR_Helena 201507
NapaR_Helena,8/31/2015,0,NapaR_Helena 201508
NapaR_Helena,9/30/2015,0,NapaR_Helena 201509
NapaR_Helena,10/31/2015,0,NapaR_Helena 201510
NapaR_Helena,11/30/2015,0.009,NapaR_Helena 201511
NapaR_Helena,12/31/2015,26.6,NapaR_Helena 201512
NapaR_Helena,1/31/2016,251.2,NapaR_Helena 201601
NapaR_Helena,2/29/2016,49.4,NapaR_Helena 201602
NapaR_Helena,3/31/2016,498.4,NapaR_Helena 201603
NapaR_Helena,4/30/2016,39,NapaR_Helena 201604
NapaR_Helena,5/31/2016,12.2,NapaR_Helena 201605
NapaR_Helena,6/30/2016,3.05,NapaR_Helena 201606
NapaR_Helena,7/31/2016,0.085,NapaR_Helena 201607
NapaR_Helena,8/31/2016,0,NapaR_Helena 201608
NapaR_Helena,9/30/2016,0,NapaR_Helena 201609
NapaR_Helena,10/31/2016,9.32,NapaR_Helena 201610
NapaR_Helena,11/30/2016,27.4,NapaR_Helena 201611
NapaR_Helena,12/31/2016,232.7,NapaR_Helena 201612
NapaR_Helena,1/31/2017,1232,NapaR_Helena 201701
NapaR_Helena,2/28/2017,1127,NapaR_Helena 201702
NapaR_Helena,3/31/2017,131.3,NapaR_Helena 201703
NapaR_Helena,4/30/2017,149.4,NapaR_Helena 201704
NapaR_Helena,5/31/2017,29.1,NapaR_Helena 201705
NapaR_Helena,6/30/2017,8.07,NapaR_Helena 201706
NapaR_Helena,7/31/2017,1.27,NapaR_Helena 201707
NapaR_Helena,8/31/2017,0,NapaR_Helena 201708
NapaR_Helena,9/30/2017,0,NapaR_Helena 201709
NapaR_Helena,10/31/2017,0,NapaR_Helena 201710
NapaR_Helena,11/30/2017,8.68,NapaR_Helena 201711
NapaR_Helena,12/31/2017,3.58,NapaR_Helena 201712
NapaR_Helena,1/31/2018,38.5,NapaR_Helena 201801
NapaR_Helena,2/28/2018,11,NapaR_Helena 201802
NapaR_Helena,3/31/2018,170.2,NapaR_Helena 201803
NapaR_Helena,4/30/2018,97,NapaR_Helena 201804
NapaR_Helena,5/31/2018,13.1,NapaR_Helena 201805
NapaR_Helena,6/30/2018,3.05,NapaR_Helena 201806
NapaR_Helena,7/31/2018,1.06,NapaR_Helena 201807
NapaR_Helena,8/31/2018,0,NapaR_Helena 201808
NapaR_Helena,9/30/2018,0,NapaR_Helena 201809
NapaR_Helena,10/31/2018,0.025,NapaR_Helena 201810
NapaR_Helena,11/30/2018,5.57,NapaR_Helena 201811
NapaR_Helena,12/31/2018,16.2,NapaR_Helena 201812
NapaR_Helena,1/31/2019,325.1,NapaR_Helena 201901
NapaR_Helena,2/28/2019,1043,NapaR_Helena 201902
NapaR_Helena,3/31/2019,422.9,NapaR_Helena 201903
NapaR_Helena,4/30/2019,130.5,NapaR_Helena 201904
NapaR_Helena,5/31/2019,54.8,NapaR_Helena 201905
NapaR_Helena,6/30/2019,16.4,NapaR_Helena 201906
NapaR_Helena,7/31/2019,3.58,NapaR_Helena 201907
NapaR_Helena,8/31/2019,0.285,NapaR_Helena 201908
NapaR_Helena,9/30/2019,0,NapaR_Helena 201909
NapaR_Helena,10/31/2019,0,NapaR_Helena 201910
NapaR_Helena,11/30/2019,0.128,NapaR_Helena 201911
NapaR_Helena,12/31/2019,67.6,NapaR_Helena 201912
NapaR_Helena,1/31/2020,72.8,NapaR_Helena 202001
NapaR_Helena,2/29/2020,24,NapaR_Helena 202002
NapaR_Helena,3/31/2020,11.5,NapaR_Helena 202003
NapaR_Helena,4/30/2020,11.6,NapaR_Helena 202004
NapaR_Helena,5/31/2020,5.3,NapaR_Helena 202005
NapaR_Helena,6/30/2020,1.25,NapaR_Helena 202006
NapaR_Helena,7/31/2020,0,NapaR_Helena 202007
NapaR_Helena,8/31/2020,0,NapaR_Helena 202008
NapaR_Helena,9/30/2020,0,NapaR_Helena 202009
NapaR_Helena,10/31/2020,0,NapaR_Helena 202010
NapaR_Helena,11/30/2020,0,NapaR_Helena 202011
NapaR_Helena,12/31/2020,0.792,NapaR_Helena 202012
NapaR_Helena,1/31/2021,10.6,NapaR_Helena 202101
NapaR_Helena,2/28/2021,12.9,NapaR_Helena 202102
NapaR_Helena,3/31/2021,14.2,NapaR_Helena 202103
NapaR_Helena,4/30/2021,5,NapaR_Helena 202104
NapaR_Helena,5/31/2021,1.43,NapaR_Helena 202105
NapaR_Helena,6/30/2021,0,NapaR_Helena 202106
NapaR_Helena,7/31/2021,0,NapaR_Helena 202107
NapaR_Helena,8/31/2021,0,NapaR_Helena 202108
NapaR_Helena,9/30/2021,0,NapaR_Helena 202109
NapaR_Helena,10/31/2021,199.5,NapaR_Helena 202110
NapaR_Helena,11/30/2021,34.5,NapaR_Helena 202111
NapaR_Helena,12/31/2021,358,NapaR_Helena 202112
NapaR_Helena,1/31/2022,117.5,NapaR_Helena 202201
NapaR_Helena,2/28/2022,16.6,NapaR_Helena 202202
NapaR_Helena,3/31/2022,7.33,NapaR_Helena 202203
NapaR_Helena,4/30/2022,14.1,NapaR_Helena 202204
NapaR_Helena,5/31/2022,5.81,NapaR_Helena 202205
NapaR_Helena,6/30/2022,1.28,NapaR_Helena 202206
NapaR_Helena,7/31/2022,0.186,NapaR_Helena 202207
NapaR_Helena,8/31/2022,0,NapaR_Helena 202208
NapaR_Helena,9/30/2022,0,NapaR_Helena 202209
NapaR_Helena,10/31/2022,0,NapaR_Helena 202210
NapaR_Helena,11/30/2022,0.061,NapaR_Helena 202211
NapaR_Helena,12/31/2022,123.6,NapaR_Helena 202212
NapaR_Helena,1/31/2023,809.6,NapaR_Helena 202301
NapaR_Helena,2/28/2023,97.5,NapaR_Helena 202302
NapaR_Helena,3/31/2023,763.7,NapaR_Helena 202303
NapaR_Helena,4/30/2023,98,NapaR_Helena 202304
NapaR_Helena,5/31/2023,23.3,NapaR_Helena 202305
NapaR_Helena,6/30/2023,7.26,NapaR_Helena 202306
NapaR_Helena,7/31/2023,2.47,NapaR_Helena 202307
NapaR_Helena,8/31/2023,0.423,NapaR_Helena 202308
NapaR_Helena,9/30/2023,0,NapaR_Helena 202309
NapaR_Helena,10/31/2023,0,NapaR_Helena 202310
NapaR_Helena,11/30/2023,1.76,NapaR_Helena 202311
NapaR_Helena,12/31/2023,30.1,NapaR_Helena 202312
NapaR_Helena,1/31/2024,244.3,NapaR_Helena 202401
NapaR_Helena,2/29/2024,682.2,NapaR_Helena 202402
NapaR_Helena,3/31/2024,243.7,NapaR_Helena 202403
NapaR_Helena,4/30/2024,85.2,NapaR_Helena 202404
NapaR_Helena,5/31/2024,19.2,NapaR_Helena 202405
NapaR_Helena,6/30/2024,4.48,NapaR_Helena 202406
NapaR_Helena,7/31/2024,1.2,NapaR_Helena 202407
NapaR_Helena,8/31/2024,0.068,NapaR_Helena 202408
NapaR_Helena,9/30/2024,0,NapaR_Helena 202409
NapaR_Helena,10/31/2024,0,NapaR_Helena 202410
NapaR_Helena,11/30/2024,374.4,NapaR_Helena 202411
NapaR_Helena,12/31/2024,425.9,NapaR_Helena 202412
NapaR_Helena,1/31/2025,136.6,NapaR_Helena 202501
NapaR_Helena,2/28/2025,812.9,NapaR_Helena 202502
NapaR_Helena,3/31/2025,135.9,NapaR_Helena 202503
NapaR_Helena,4/30/2025,66.8,NapaR_Helena 202504
